gap,accuracy,majority_acc,chance,n_classes
20,0.27773407101631165,0.030920535011801732,0.1,10
