{
  "encoder": "parvo",
  "checkpoint": "/proj/external_group/mrg/checkpoints/two_stream_v15b_step1_comp_mae_s/20260629_101634/latest.pt",
  "task_suite": "libero_goal",
  "view": "agentview_rgb",
  "gap": 20,
  "gap_seconds": 1.0,
  "readout": "attentive",
  "parvo_mode": "p_t_m",
  "v11_mode": null,
  "n_train_demos": 396,
  "n_eval_demos": 99,
  "n_train_pairs": 41270,
  "n_eval_pairs": 11100,
  "best_epoch": 19,
  "r2_aggregate": 0.6396729249719997,
  "r2_per_dim": [
    0.6587434129083287,
    0.8320071319183899,
    0.7625424481562503,
    0.5998467934777523,
    0.5249441638212446,
    0.69076899618285,
    0.6391064444866943
  ],
  "mse": 0.053508661687374115,
  "cosine_sim": 0.7901226282119751,
  "elapsed_seconds": 120.61368179321289
}