{
  "encoder": "two-stream-v11",
  "checkpoint": "/proj/external_group/mrg/checkpoints/two_stream_v15/20260511_045319/latest.pt",
  "split": "validation",
  "view": "rgb_static",
  "gap": 5,
  "gap_seconds": 0.16666666666666666,
  "v11_mode": "p_t_p_tk",
  "n_train_episodes": 3,
  "n_eval_episodes": 1,
  "n_train_pairs": 6120,
  "n_eval_pairs": 3764,
  "best_epoch": 20,
  "r2_aggregate": 0.3315839763348447,
  "r2_per_dim": [
    0.6468034916877838,
    0.600467482762028,
    0.5667800894400457,
    0.04125232146753399,
    0.18439652142411078,
    0.05740101590545932,
    0.06592298131968666
  ],
  "mse": 0.3166312277317047,
  "cosine_sim": 0.49405544996261597
}