{
  "encoder": "videomae-ours",
  "checkpoint": "/proj/external_group/mrg/checkpoints/videomae/20260415_012017/best_model.pt",
  "task_suite": "libero_object",
  "view": "agentview_rgb",
  "gap": 13,
  "gap_seconds": 0.65,
  "v11_mode": null,
  "n_train_demos": 396,
  "n_eval_demos": 99,
  "n_train_pairs": 53451,
  "n_eval_pairs": 13403,
  "best_epoch": 20,
  "r2_aggregate": 0.6555659221400296,
  "r2_per_dim": [
    0.7193312910729723,
    0.946397660328849,
    0.899636356845468,
    0.32219508094282145,
    0.5308468123173917,
    0.29265534419035444,
    0.6551177108304582
  ],
  "mse": 0.04857845604419708,
  "cosine_sim": 0.8040819764137268,
  "elapsed_seconds": 167.2503457069397
}