{
  "encoder": "videomae-ours",
  "checkpoint": "/proj/external_group/mrg/checkpoints/videomae/20260415_012017/best_model.pt",
  "task_suite": "libero_goal",
  "view": "agentview_rgb",
  "gap": 40,
  "gap_seconds": 2.0,
  "v11_mode": null,
  "n_train_demos": 396,
  "n_eval_demos": 99,
  "n_train_pairs": 33350,
  "n_eval_pairs": 9120,
  "best_epoch": 20,
  "r2_aggregate": 0.5381900918732194,
  "r2_per_dim": [
    0.7811256491176298,
    0.9126573052105036,
    0.8653291984335503,
    0.6902935016770666,
    0.6295629445443367,
    0.7131655528758558,
    0.49253960685033926
  ],
  "mse": 0.08275159448385239,
  "cosine_sim": 0.6938711404800415,
  "elapsed_seconds": 105.6240348815918
}