{
  "encoder": "two-stream-v11",
  "checkpoint": "/proj/external_group/mrg/checkpoints/two_stream_v11/20260426_014333/checkpoint_epoch0044.pt",
  "task_suite": "libero_object",
  "view": "agentview_rgb",
  "gap": 40,
  "gap_seconds": 2.0,
  "v11_mode": "abd_prime",
  "n_train_demos": 396,
  "n_eval_demos": 99,
  "n_train_pairs": 42759,
  "n_eval_pairs": 10730,
  "best_epoch": 19,
  "r2_aggregate": 0.6140263405667458,
  "r2_per_dim": [
    0.5799219633841677,
    0.9680981794147302,
    0.9318861473384829,
    0.1416414653877145,
    0.7282622448522846,
    0.36122043062027254,
    0.5991757529370834
  ],
  "mse": 0.04787971079349518,
  "cosine_sim": 0.8154000043869019,
  "elapsed_seconds": 153.6200189590454
}