{
  "encoder": "videomae-ours",
  "checkpoint": "/proj/external_group/mrg/checkpoints/videomae/20260415_012017/best_model.pt",
  "task_suite": "libero_object",
  "view": "agentview_rgb",
  "gap": 20,
  "gap_seconds": 1.0,
  "readout": "mean",
  "parvo_mode": null,
  "v11_mode": null,
  "n_train_demos": 396,
  "n_eval_demos": 99,
  "n_train_pairs": 50679,
  "n_eval_pairs": 12710,
  "best_epoch": 20,
  "r2_aggregate": 0.6783984222863991,
  "r2_per_dim": [
    0.6943782330215942,
    0.9692204401163725,
    0.9378337476179478,
    0.4203501070918749,
    0.5631529635277128,
    0.28173910806052294,
    0.6771402278957197
  ],
  "mse": 0.04503646120429039,
  "cosine_sim": 0.825878381729126,
  "elapsed_seconds": 163.99621486663818
}