{
  "encoder": "two-stream-v11",
  "checkpoint": "/proj/external_group/mrg/checkpoints/two_stream_v15_vfromm/20260515_153323/checkpoint_epoch0032.pt",
  "task_suite": "libero_spatial",
  "view": "agentview_rgb",
  "gap": 1,
  "gap_seconds": 0.05,
  "v11_mode": "p_t_p_tk",
  "n_train_demos": 396,
  "n_eval_demos": 99,
  "n_train_pairs": 49224,
  "n_eval_pairs": 11571,
  "best_epoch": 20,
  "r2_aggregate": 0.3831874361360619,
  "r2_per_dim": [
    0.3499675523167125,
    -1.419972046475618,
    0.3621731676893838,
    -0.10756582920594115,
    0.09500730416319403,
    0.09865763184297915,
    0.3832599673802516
  ],
  "mse": 0.08769847452640533,
  "cosine_sim": 0.5713584423065186,
  "elapsed_seconds": 282.2739906311035
}