{
  "encoder": "videomae-ours",
  "checkpoint": "/proj/external_group/mrg/checkpoints/videomae/20260415_012017/best_model.pt",
  "split": "training",
  "view": "rgb_static",
  "gap": 20,
  "gap_seconds": 0.6666666666666666,
  "readout": "mean",
  "parvo_mode": null,
  "v11_mode": null,
  "n_train_episodes": 200,
  "n_eval_episodes": 1087,
  "n_train_pairs": 8114,
  "n_eval_pairs": 43053,
  "best_epoch": 19,
  "r2_aggregate": 0.04385663273492235,
  "r2_per_dim": [
    0.5735618502011546,
    0.4637347575018712,
    0.5525356547013555,
    0.17295544108376892,
    0.20436719421414695,
    -0.056349940409769816,
    0.047510360629262505
  ],
  "mse": 0.13886363804340363,
  "cosine_sim": 0.34594517946243286
}