{
  "encoder": "videomae-ours",
  "checkpoint": "/proj/external_group/mrg/checkpoints/videomae/20260415_012017/best_model.pt",
  "split": "validation",
  "view": "rgb_static",
  "gap": 30,
  "gap_seconds": 1.0,
  "v11_mode": null,
  "n_train_episodes": 869,
  "n_eval_episodes": 218,
  "n_train_pairs": 25618,
  "n_eval_pairs": 6565,
  "best_epoch": 20,
  "r2_aggregate": 0.32899465383929993,
  "r2_per_dim": [
    0.8767123953794428,
    0.8329781588682013,
    0.8494755514691561,
    0.6102636852660451,
    0.7433719360080466,
    0.5519858530561597,
    0.25232832293688023
  ],
  "mse": 0.0992094948887825,
  "cosine_sim": 0.6120142340660095
}