{
  "encoder": "two-stream-v11",
  "checkpoint": "/proj/external_group/mrg/checkpoints/two_stream_v15/20260511_045319/latest.pt",
  "task_suite": "libero_object",
  "view": "agentview_rgb",
  "gap": 1,
  "gap_seconds": 0.05,
  "v11_mode": "p_t_p_tk",
  "n_train_demos": 396,
  "n_eval_demos": 99,
  "n_train_pairs": 58203,
  "n_eval_pairs": 14591,
  "best_epoch": 20,
  "r2_aggregate": 0.47255417213386497,
  "r2_per_dim": [
    0.1014315232742029,
    0.5313181477402804,
    0.5044411504245336,
    -1.377795779365516,
    -3.356893292519728,
    -0.7016376274709482,
    0.47272356883310973
  ],
  "mse": 0.07480961829423904,
  "cosine_sim": 0.6481476426124573,
  "elapsed_seconds": 349.27237343788147
}