{
  "encoder": "two-stream-v11",
  "checkpoint": "/proj/external_group/mrg/checkpoints/two_stream_v15/20260511_045319/latest.pt",
  "split": "validation",
  "view": "rgb_static",
  "gap": 5,
  "gap_seconds": 0.16666666666666666,
  "v11_mode": "p_t_p_tk",
  "n_train_episodes": 3,
  "n_eval_episodes": 1,
  "n_train_pairs": 6120,
  "n_eval_pairs": 3764,
  "best_epoch": 19,
  "r2_aggregate": 0.10938538012479093,
  "r2_per_dim": [
    0.8188241648584875,
    0.7840656432946909,
    0.7590957978972761,
    0.2747299436775802,
    0.48097933104627655,
    0.06928517121439315,
    0.06748431197619864
  ],
  "mse": 0.15428416430950165,
  "cosine_sim": 0.3054679334163666
}