{
  "encoder": "two-stream-v11",
  "checkpoint": "/proj/external_group/mrg/checkpoints/two_stream_v15/20260511_045319/latest.pt",
  "task_suite": "libero_goal",
  "view": "agentview_rgb",
  "gap": 1,
  "gap_seconds": 0.05,
  "v11_mode": "p_t_p_tk",
  "n_train_demos": 396,
  "n_eval_demos": 99,
  "n_train_pairs": 48794,
  "n_eval_pairs": 12981,
  "best_epoch": 19,
  "r2_aggregate": 0.40851479054790263,
  "r2_per_dim": [
    -0.1813678761414972,
    -0.05150088856491841,
    -1.7407370318169089,
    -0.8861496197746939,
    0.22749077436190124,
    0.45930719366831285,
    0.40868039480754637
  ],
  "mse": 0.07436393201351166,
  "cosine_sim": 0.6376619935035706,
  "elapsed_seconds": 301.827348947525
}