{
  "encoder": "parvo",
  "checkpoint": "/proj/external_group/mrg/checkpoints/two_stream_v15b_step1_comp_mae_s/20260629_101634/latest.pt",
  "task_suite": "libero_goal",
  "view": "agentview_rgb",
  "gap": 1,
  "gap_seconds": 0.05,
  "readout": "mean",
  "parvo_mode": "p_t_m",
  "v11_mode": null,
  "n_train_demos": 396,
  "n_eval_demos": 99,
  "n_train_pairs": 48794,
  "n_eval_pairs": 12981,
  "best_epoch": 19,
  "r2_aggregate": 0.49328439480825836,
  "r2_per_dim": [
    -7.966364971028357,
    0.26247727175020674,
    0.42799776780473575,
    0.319648938997669,
    -0.5638450079679234,
    0.41642319611893786,
    0.4935744152216489
  ],
  "mse": 0.06370635330677032,
  "cosine_sim": 0.7101426124572754,
  "elapsed_seconds": 90.37279176712036
}