{
  "encoder": "videomae-ours",
  "checkpoint": "/proj/external_group/mrg/checkpoints/videomae/20260415_012017/best_model.pt",
  "task_suite": "libero_spatial",
  "view": "agentview_rgb",
  "gap": 20,
  "gap_seconds": 1.0,
  "v11_mode": null,
  "n_train_demos": 396,
  "n_eval_demos": 99,
  "n_train_pairs": 41700,
  "n_eval_pairs": 9690,
  "best_epoch": 20,
  "r2_aggregate": 0.4873281923968895,
  "r2_per_dim": [
    0.8038992027272579,
    0.8608121985213535,
    0.8616611035049405,
    0.46688837802864835,
    0.600875787766484,
    0.46540596028175896,
    0.47824217585726936
  ],
  "mse": 0.07126814872026443,
  "cosine_sim": 0.6950290203094482,
  "elapsed_seconds": 124.51550030708313
}