{
  "encoder": "two-stream-v11",
  "checkpoint": "/proj/external_group/mrg/checkpoints/two_stream_v15/20260511_045319/latest.pt",
  "split": "training",
  "view": "rgb_static",
  "gap": 30,
  "gap_seconds": 1.0,
  "v11_mode": "p_t_p_tk",
  "n_train_episodes": 200,
  "n_eval_episodes": 1087,
  "n_train_pairs": 6114,
  "n_eval_pairs": 32183,
  "best_epoch": 3,
  "r2_aggregate": -0.011802879480103057,
  "r2_per_dim": [
    0.3553187955341819,
    0.19892191452585428,
    0.23347478700675928,
    0.04973265830242357,
    -0.0008660205257906561,
    -0.06329729685242036,
    -0.005203876105342786
  ],
  "mse": 0.15325354039669037,
  "cosine_sim": 0.4142969846725464
}