{
  "encoder": "two-stream-v11",
  "checkpoint": "/proj/external_group/mrg/checkpoints/two_stream_v15_vfromm/20260515_153323/checkpoint_epoch0032.pt",
  "task_suite": "libero_spatial",
  "view": "agentview_rgb",
  "gap": 20,
  "gap_seconds": 1.0,
  "v11_mode": "p_t_p_tk",
  "n_train_demos": 396,
  "n_eval_demos": 99,
  "n_train_pairs": 41700,
  "n_eval_pairs": 9690,
  "best_epoch": 20,
  "r2_aggregate": 0.5652004625729374,
  "r2_per_dim": [
    0.8414152627075334,
    0.9297737175516028,
    0.8909919263787515,
    0.36484694718371413,
    0.6997015120463141,
    0.49791447813015144,
    0.5584246335281818
  ],
  "mse": 0.06044287607073784,
  "cosine_sim": 0.7454171180725098,
  "elapsed_seconds": 240.79953718185425
}