{
  "encoder": "videomae-ours",
  "checkpoint": "/proj/external_group/mrg/checkpoints/videomae/20260415_012017/best_model.pt",
  "split": "training",
  "view": "rgb_static",
  "gap": 10,
  "gap_seconds": 0.3333333333333333,
  "v11_mode": null,
  "n_train_episodes": 142,
  "n_eval_episodes": 36,
  "n_train_pairs": 189191,
  "n_eval_pairs": 39817,
  "best_epoch": 20,
  "r2_aggregate": 0.20940017592879634,
  "r2_per_dim": [
    0.8689978317541276,
    0.7981002856032611,
    0.5350363032323597,
    0.23178803197973452,
    0.4632824262281332,
    0.23817151778601686,
    0.1538118028668598
  ],
  "mse": 0.14645738899707794,
  "cosine_sim": 0.4393639862537384
}