{
  "encoder": "two-stream-v11",
  "checkpoint": "/proj/external_group/mrg/checkpoints/two_stream_v15/20260511_045319/latest.pt",
  "split": "training",
  "view": "rgb_static",
  "gap": 20,
  "gap_seconds": 0.6666666666666666,
  "v11_mode": "p_t_p_tk",
  "n_train_episodes": 160,
  "n_eval_episodes": 40,
  "n_train_pairs": 6451,
  "n_eval_pairs": 1663,
  "best_epoch": 18,
  "r2_aggregate": 0.02691365394403744,
  "r2_per_dim": [
    0.5383719068787627,
    0.4663801522486053,
    0.4390294602965237,
    0.06535931883723622,
    0.21760116335846136,
    -0.013395486730727546,
    0.018975761875805186
  ],
  "mse": 0.13970059156417847,
  "cosine_sim": 0.2871783673763275
}