{
  "encoder": "two-stream-v11",
  "checkpoint": "/proj/external_group/mrg/checkpoints/two_stream_v15/20260511_045319/latest.pt",
  "task_suite": "libero_goal",
  "view": "eye_in_hand_rgb",
  "gap": 1,
  "gap_seconds": 0.05,
  "v11_mode": "p_t_p_tk",
  "n_train_demos": 396,
  "n_eval_demos": 99,
  "n_train_pairs": 48794,
  "n_eval_pairs": 12981,
  "best_epoch": 19,
  "r2_aggregate": 0.7329208392638906,
  "r2_per_dim": [
    -1.7640059497810379,
    -5.057926195484785,
    -5.001488387784438,
    0.1019330067415215,
    -0.09384851800421834,
    0.5890460403985562,
    0.7333722436220218
  ],
  "mse": 0.03357828035950661,
  "cosine_sim": 0.8698948621749878,
  "elapsed_seconds": 289.3568789958954
}