{
  "encoder": "vc1",
  "checkpoint": null,
  "task_suite": "libero_object",
  "view": "agentview_rgb",
  "gap": 20,
  "gap_seconds": 1.0,
  "v11_mode": null,
  "n_train_demos": 396,
  "n_eval_demos": 99,
  "n_train_pairs": 50679,
  "n_eval_pairs": 12710,
  "best_epoch": 19,
  "r2_aggregate": 0.6804257447777162,
  "r2_per_dim": [
    0.7913978034756612,
    0.9648114659326397,
    0.9584531041117087,
    0.5973224173646381,
    0.6266197259315475,
    0.41921139593633305,
    0.6767187543835912
  ],
  "mse": 0.044752560555934906,
  "cosine_sim": 0.8213456869125366,
  "elapsed_seconds": 256.44701194763184
}