{
  "encoder": "videomae-ours",
  "checkpoint": "/proj/external_group/mrg/checkpoints/videomae/20260415_012017/best_model.pt",
  "split": "training",
  "view": "rgb_static",
  "gap": 45,
  "gap_seconds": 1.5,
  "v11_mode": null,
  "n_train_episodes": 2000,
  "n_eval_episodes": 1087,
  "n_train_pairs": 31818,
  "n_eval_pairs": 16812,
  "best_epoch": 17,
  "r2_aggregate": 0.12385054124457373,
  "r2_per_dim": [
    0.8159329817903567,
    0.7267318056890747,
    0.6777998180808509,
    0.22859173306077452,
    0.5579549817692981,
    0.12749105287767615,
    0.07938018378460332
  ],
  "mse": 0.1265937238931656,
  "cosine_sim": 0.6613261103630066
}