{
  "encoder": "two-stream-v11",
  "checkpoint": "/proj/external_group/mrg/checkpoints/two_stream_v15/20260511_045319/latest.pt",
  "task_suite": "libero_object",
  "view": "eye_in_hand_rgb",
  "gap": 1,
  "gap_seconds": 0.05,
  "v11_mode": "p_t_p_tk",
  "n_train_demos": 396,
  "n_eval_demos": 99,
  "n_train_pairs": 58203,
  "n_eval_pairs": 14591,
  "best_epoch": 20,
  "r2_aggregate": 0.7274990968476042,
  "r2_per_dim": [
    -0.087954743844737,
    0.6209872859785488,
    -0.6513899265758709,
    -5.4792385447407455,
    -0.23729882935311553,
    0.04363958123276457,
    0.7276720237131545
  ],
  "mse": 0.038649823516607285,
  "cosine_sim": 0.8454460501670837,
  "elapsed_seconds": 336.68493700027466
}