{
  "encoder": "two-stream-v11",
  "checkpoint": "/proj/external_group/mrg/checkpoints/two_stream_v15_vfromm/20260515_153323/checkpoint_epoch0044.pt",
  "task_suite": "libero_spatial",
  "view": "agentview_rgb",
  "gap": 40,
  "gap_seconds": 2.0,
  "v11_mode": "p_t_p_tk",
  "n_train_demos": 396,
  "n_eval_demos": 99,
  "n_train_pairs": 33780,
  "n_eval_pairs": 7710,
  "best_epoch": 20,
  "r2_aggregate": 0.33136293888839996,
  "r2_per_dim": [
    0.8590043917902006,
    0.9573152065768904,
    0.9371165341000609,
    0.4871066050616685,
    0.7313660092559993,
    0.5701004748590262,
    0.26846256217193754
  ],
  "mse": 0.07513343542814255,
  "cosine_sim": 0.6991085410118103,
  "elapsed_seconds": 194.646737575531
}