{
  "encoder": "two-stream-v11",
  "checkpoint": "/proj/external_group/mrg/checkpoints/two_stream_v15/20260511_045319/latest.pt",
  "split": "validation",
  "view": "rgb_static",
  "gap": 3,
  "gap_seconds": 0.1,
  "v11_mode": "p_t_p_tk",
  "n_train_episodes": 3,
  "n_eval_episodes": 1,
  "n_train_pairs": 6126,
  "n_eval_pairs": 3766,
  "best_epoch": 20,
  "r2_aggregate": 0.07251057757260793,
  "r2_per_dim": [
    0.7335212887364158,
    0.7205619466697871,
    0.6943510815958327,
    0.2903978631113435,
    0.4561006092184632,
    0.06379303979579731,
    0.043710942242392026
  ],
  "mse": 0.15006345510482788,
  "cosine_sim": 0.2610275149345398
}