dim,name,cos_Wt_negWtk,sign_match_Wt_negWtk,norm_Wt,norm_Wtk
0,Δx,0.5949632225436592,0.7005208333333334,4.0060319900512695,4.331108570098877
1,Δy,0.683918473907162,0.7356770833333334,3.3709590435028076,3.171199321746826
2,Δz,0.7843392424243447,0.76171875,4.268162250518799,4.304521560668945
3,Δrx,0.6112375167737369,0.6783854166666666,6.458744525909424,6.539097785949707
4,Δry,0.16645230516586546,0.4908854166666667,8.15842056274414,9.67497444152832
5,Δrz,0.7603551465626118,0.7447916666666666,8.28286075592041,7.889711856842041
6,grip,0.0152020571399702,0.5,31.330841064453125,20.36280632019043
