gap,accuracy,majority_acc,chance,n_classes
20,0.3137686848640442,0.030920535011801732,0.1,10
