gap,accuracy,majority_acc,chance,n_classes
20,0.9988198280334473,0.030920535011801732,0.1,10
