{
  "encoder": "parvo",
  "checkpoint": "/proj/external_group/mrg/checkpoints/two_stream_v15b_step1_comp_mae_s/20260629_101634/latest.pt",
  "task_suite": "libero_spatial",
  "view": "agentview_rgb",
  "gap": 1,
  "gap_seconds": 0.05,
  "readout": "mean",
  "parvo_mode": "p_t_m",
  "v11_mode": null,
  "n_train_demos": 396,
  "n_eval_demos": 99,
  "n_train_pairs": 49224,
  "n_eval_pairs": 11571,
  "best_epoch": 19,
  "r2_aggregate": 0.607474337611799,
  "r2_per_dim": [
    -1.2183491475262493,
    0.4458589573873283,
    0.5093310085404854,
    -0.9272457033659927,
    0.01923460125062537,
    0.19596857294915127,
    0.6076064802920405
  ],
  "mse": 0.05580934137105942,
  "cosine_sim": 0.7883220911026001,
  "elapsed_seconds": 75.12386512756348
}