{
  "encoder": "parvo",
  "checkpoint": "/proj/external_group/mrg/checkpoints/two_stream_v15b_step1_comp_mae_s/20260629_101634/latest.pt",
  "task_suite": "libero_goal",
  "view": "agentview_rgb",
  "gap": 13,
  "gap_seconds": 0.65,
  "readout": "attentive",
  "parvo_mode": "p_t_m",
  "v11_mode": null,
  "n_train_demos": 396,
  "n_eval_demos": 99,
  "n_train_pairs": 44042,
  "n_eval_pairs": 11793,
  "best_epoch": 20,
  "r2_aggregate": 0.6241785979419385,
  "r2_per_dim": [
    0.36888851541209333,
    0.744553880986381,
    0.5845719586461096,
    0.4540101085828099,
    0.4620492948647196,
    0.6485740007381315,
    0.6276584616671597
  ],
  "mse": 0.051863234490156174,
  "cosine_sim": 0.7891918420791626,
  "elapsed_seconds": 130.2696409225464
}