{
  "encoder": "videomae-ours",
  "checkpoint": "/proj/external_group/mrg/checkpoints/videomae/20260415_012017/best_model.pt",
  "split": "training",
  "view": "rgb_static",
  "gap": 10,
  "gap_seconds": 0.3333333333333333,
  "v11_mode": null,
  "n_train_episodes": 1600,
  "n_eval_episodes": 400,
  "n_train_pairs": 79794,
  "n_eval_pairs": 20110,
  "best_epoch": 20,
  "r2_aggregate": 0.25042451735112636,
  "r2_per_dim": [
    0.6919278841991457,
    0.6886875222505,
    0.6666852386781859,
    0.2877993256517435,
    0.4247737595732649,
    0.25580548438896744,
    0.24730386470971655
  ],
  "mse": 0.10867543518543243,
  "cosine_sim": 0.4783807098865509
}