{
  "encoder": "vc1",
  "checkpoint": null,
  "split": "training",
  "view": "rgb_static",
  "gap": 10,
  "gap_seconds": 0.3333333333333333,
  "v11_mode": null,
  "n_train_episodes": 200,
  "n_eval_episodes": 1087,
  "n_train_pairs": 10114,
  "n_eval_pairs": 53923,
  "best_epoch": 20,
  "r2_aggregate": 0.09324885515207637,
  "r2_per_dim": [
    0.33102977271735723,
    0.2918839843253844,
    0.28739209429843837,
    0.16108021968696407,
    0.2340829428158483,
    -0.014096947495918055,
    0.09501126858619668
  ],
  "mse": 0.12798212468624115,
  "cosine_sim": 0.3327280282974243
}