{
  "encoder": "parvo",
  "checkpoint": "/proj/external_group/mrg/checkpoints/two_stream_v15b_step1_comp_mae_s/20260629_101634/latest.pt",
  "task_suite": "libero_spatial",
  "view": "agentview_rgb",
  "gap": 13,
  "gap_seconds": 0.65,
  "readout": "mean",
  "parvo_mode": "p_t_m",
  "v11_mode": null,
  "n_train_demos": 396,
  "n_eval_demos": 99,
  "n_train_pairs": 44472,
  "n_eval_pairs": 10383,
  "best_epoch": 20,
  "r2_aggregate": 0.5632746222514222,
  "r2_per_dim": [
    0.7048810174287979,
    0.8054862788244627,
    0.7760874355206494,
    0.31987454059549936,
    0.4814934885769868,
    0.37512137718273486,
    0.5634515929387365
  ],
  "mse": 0.06170428916811943,
  "cosine_sim": 0.737256646156311,
  "elapsed_seconds": 68.54401111602783
}