{
  "encoder": "videomae-ours",
  "checkpoint": "/proj/external_group/mrg/checkpoints/videomae/20260415_012017/best_model.pt",
  "task_suite": "libero_goal",
  "view": "agentview_rgb",
  "n_tasks": 10,
  "n_total_trajectories": 500,
  "n_kept_after_length_cutoff": 476,
  "length_cutoff": 204.0,
  "length_percentile": 95.0,
  "fractions": [
    1.0,
    0.5,
    0.3,
    0.15
  ],
  "per_fraction": {
    "1.0": {
      "n_valid": 476,
      "skipped_short": 0,
      "rho_mean": 0.6539279115999369,
      "rho_std": 0.23964761479202998,
      "rho_median": 0.6696602284435039,
      "rho_min": -0.39050628185263314,
      "rho_max": 0.9882357084991723
    },
    "0.5": {
      "n_valid": 476,
      "skipped_short": 0,
      "rho_mean": 0.6961659988032547,
      "rho_std": 0.2632184825938816,
      "rho_median": 0.7814892880417075,
      "rho_min": -0.4410322814120361,
      "rho_max": 0.9886201991465149
    },
    "0.3": {
      "n_valid": 476,
      "skipped_short": 0,
      "rho_mean": 0.773414075988234,
      "rho_std": 0.2393707131732043,
      "rho_median": 0.8584829686442589,
      "rho_min": -0.3949233209941829,
      "rho_max": 1.0
    },
    "0.15": {
      "n_valid": 476,
      "skipped_short": 0,
      "rho_mean": 0.8649761737758023,
      "rho_std": 0.18565384628222537,
      "rho_median": 0.951098901098901,
      "rho_min": -0.11785714285714284,
      "rho_max": 1.0
    }
  },
  "elapsed_seconds": 96.77444458007812
}