{
  "encoder": "dinov2",
  "checkpoint": null,
  "task_suite": "libero_goal",
  "view": "agentview_rgb",
  "n_tasks": 10,
  "n_total_trajectories": 500,
  "n_kept_after_length_cutoff": 476,
  "n_valid_rho": 476,
  "length_cutoff": 204.0,
  "length_percentile": 95.0,
  "rho_mean": 0.7475319593198078,
  "rho_std": 0.21280055772309117,
  "rho_median": 0.8133391671557033,
  "rho_min": -0.08426345090635895,
  "rho_max": 0.9894887720974677,
  "elapsed_seconds": 159.29248237609863
}