{
  "encoder": "videomae-ours",
  "checkpoint": "/proj/external_group/mrg/checkpoints/videomae/20260415_012017/best_model.pt",
  "split": "training",
  "view": "rgb_static",
  "gap": 10,
  "gap_seconds": 0.3333333333333333,
  "v11_mode": null,
  "n_train_episodes": 2000,
  "n_eval_episodes": 1087,
  "n_train_pairs": 99904,
  "n_eval_pairs": 53923,
  "best_epoch": 19,
  "r2_aggregate": 0.2320372844674643,
  "r2_per_dim": [
    0.6883291186046061,
    0.7776849025144461,
    0.7386381946160293,
    0.2614455475754056,
    0.34887213604251677,
    0.24839724880388814,
    0.22874767150429975
  ],
  "mse": 0.10839302837848663,
  "cosine_sim": 0.4589386284351349
}