{
  "encoder": "videomae-ours",
  "checkpoint": "/proj/external_group/mrg/checkpoints/videomae/20260415_012017/best_model.pt",
  "split": "training",
  "view": "rgb_static",
  "gap": 15,
  "gap_seconds": 0.5,
  "v11_mode": null,
  "n_train_episodes": 200,
  "n_eval_episodes": 1087,
  "n_train_pairs": 9114,
  "n_eval_pairs": 48488,
  "best_epoch": 20,
  "r2_aggregate": 0.06930611210837034,
  "r2_per_dim": [
    0.602793107782339,
    0.5321574986617652,
    0.6379349679201163,
    0.17994424633474349,
    0.406548066992089,
    0.01958658353089049,
    0.06560839208830327
  ],
  "mse": 0.1329219937324524,
  "cosine_sim": 0.3328721821308136
}