{
  "encoder": "parvo",
  "checkpoint": "/proj/external_group/mrg/checkpoints/two_stream_v15b_step1_comp_mae_s/20260629_101634/latest.pt",
  "task_suite": "libero_spatial",
  "view": "agentview_rgb",
  "gap": 20,
  "gap_seconds": 1.0,
  "readout": "attentive",
  "parvo_mode": "p_t_p_tk",
  "v11_mode": null,
  "n_train_demos": 396,
  "n_eval_demos": 99,
  "n_train_pairs": 41700,
  "n_eval_pairs": 9690,
  "best_epoch": 20,
  "r2_aggregate": 0.43938388710076315,
  "r2_per_dim": [
    0.7212133265805051,
    0.7488357034608307,
    0.8266089609870042,
    0.30595691596492314,
    0.6180002700177125,
    0.40526114907110466,
    0.4309305460280254
  ],
  "mse": 0.07793304324150085,
  "cosine_sim": 0.660530149936676,
  "elapsed_seconds": 101.93301463127136
}