{
  "encoder": "two-stream-v11",
  "checkpoint": "/proj/external_group/mrg/checkpoints/two_stream_v15/20260511_045319/latest.pt",
  "task_suite": "libero_spatial",
  "view": "agentview_rgb",
  "gap": 1,
  "gap_seconds": 0.05,
  "v11_mode": "p_t_p_tk",
  "n_train_demos": 396,
  "n_eval_demos": 99,
  "n_train_pairs": 49224,
  "n_eval_pairs": 11571,
  "best_epoch": 20,
  "r2_aggregate": 0.38729659827656227,
  "r2_per_dim": [
    0.23549356055245574,
    0.2889673009218485,
    -0.19353159494037375,
    -0.39870314740574564,
    -0.007988207224784771,
    0.1676839202135787,
    0.38737253195713006
  ],
  "mse": 0.08711423724889755,
  "cosine_sim": 0.5732554197311401,
  "elapsed_seconds": 280.71672224998474
}