{
  "encoder": "parvo",
  "checkpoint": "/proj/external_group/mrg/checkpoints/two_stream_v15b_step1_comp_mae_s/20260629_101634/latest.pt",
  "task_suite": "libero_spatial",
  "view": "agentview_rgb",
  "gap": 40,
  "gap_seconds": 2.0,
  "readout": "attentive",
  "parvo_mode": "p_t_m",
  "v11_mode": null,
  "n_train_demos": 396,
  "n_eval_demos": 99,
  "n_train_pairs": 33780,
  "n_eval_pairs": 7710,
  "best_epoch": 20,
  "r2_aggregate": 0.3878750754230953,
  "r2_per_dim": [
    0.7855614185466565,
    0.8970811564934444,
    0.8965660938181859,
    0.4569913464105636,
    0.5738333181334805,
    0.5079962829971643,
    0.3456547186361614
  ],
  "mse": 0.06878327578306198,
  "cosine_sim": 0.7329407334327698,
  "elapsed_seconds": 77.74510884284973
}