{
  "encoder": "two-stream-v11",
  "checkpoint": "/proj/external_group/mrg/checkpoints/two_stream_v15/20260511_045319/latest.pt",
  "split": "validation",
  "view": "rgb_static",
  "gap": 10,
  "gap_seconds": 0.3333333333333333,
  "v11_mode": "p_t_p_tk",
  "n_train_episodes": 869,
  "n_eval_episodes": 218,
  "n_train_pairs": 42998,
  "n_eval_pairs": 10925,
  "best_epoch": 20,
  "r2_aggregate": 0.3584274707759306,
  "r2_per_dim": [
    0.7793201368844901,
    0.752013349660306,
    0.7529293156788407,
    0.5210370038867376,
    0.6287799100828411,
    0.518355232126611,
    0.35073179124313036
  ],
  "mse": 0.09147181361913681,
  "cosine_sim": 0.59859699010849
}