{
  "encoder": "videomae-ours",
  "checkpoint": "/proj/external_group/mrg/checkpoints/videomae/20260415_012017/best_model.pt",
  "task_suite": "libero_spatial",
  "view": "agentview_rgb",
  "gap": 20,
  "gap_seconds": 1.0,
  "readout": "mean",
  "parvo_mode": null,
  "v11_mode": null,
  "n_train_demos": 396,
  "n_eval_demos": 99,
  "n_train_pairs": 41700,
  "n_eval_pairs": 9690,
  "best_epoch": 20,
  "r2_aggregate": 0.5248737826718082,
  "r2_per_dim": [
    0.7832579237367822,
    0.8845121654314334,
    0.8919493705821351,
    0.4531163933075174,
    0.6522538048494354,
    0.4395477772703349,
    0.5174762383214893
  ],
  "mse": 0.06604881584644318,
  "cosine_sim": 0.7063928246498108,
  "elapsed_seconds": 145.0870418548584
}