{
  "encoder": "parvo",
  "checkpoint": "/proj/external_group/mrg/checkpoints/two_stream_v15b_step1_comp_mae_s/20260629_101634/latest.pt",
  "task_suite": "libero_goal",
  "view": "agentview_rgb",
  "gap": 1,
  "gap_seconds": 0.05,
  "readout": "mean",
  "parvo_mode": "p_t_p_tk",
  "v11_mode": null,
  "n_train_demos": 396,
  "n_eval_demos": 99,
  "n_train_pairs": 48794,
  "n_eval_pairs": 12981,
  "best_epoch": 20,
  "r2_aggregate": 0.28378895314359154,
  "r2_per_dim": [
    0.08759501428830596,
    0.10603456682397827,
    -0.0561977844892565,
    0.06015077862083451,
    0.20438562056495924,
    0.20592402328472958,
    0.2838351480737854
  ],
  "mse": 0.09004497528076172,
  "cosine_sim": 0.5754410624504089,
  "elapsed_seconds": 102.2471091747284
}