{
  "encoder": "videomae-ours",
  "checkpoint": "/proj/external_group/mrg/checkpoints/videomae/20260415_012017/best_model.pt",
  "split": "training",
  "view": "rgb_static",
  "gap": 3,
  "gap_seconds": 0.1,
  "v11_mode": null,
  "n_train_episodes": 142,
  "n_eval_episodes": 36,
  "n_train_pairs": 190185,
  "n_eval_pairs": 40069,
  "best_epoch": 20,
  "r2_aggregate": 0.306398690263763,
  "r2_per_dim": [
    0.7826726895306765,
    0.7473604003774641,
    0.7215310059860298,
    0.3328338226412392,
    0.5040553619445988,
    0.22965836531422434,
    0.29827300230209064
  ],
  "mse": 0.11542044579982758,
  "cosine_sim": 0.5125964879989624
}