{
  "encoder": "parvo",
  "checkpoint": "/proj/external_group/mrg/checkpoints/two_stream_v15b_step1_comp_mae_s/20260629_101634/latest.pt",
  "task_suite": "libero_object",
  "view": "agentview_rgb",
  "gap": 13,
  "gap_seconds": 0.65,
  "readout": "mean",
  "parvo_mode": "p_t_p_tk",
  "v11_mode": null,
  "n_train_demos": 396,
  "n_eval_demos": 99,
  "n_train_pairs": 53451,
  "n_eval_pairs": 13403,
  "best_epoch": 20,
  "r2_aggregate": 0.39800557891526545,
  "r2_per_dim": [
    0.635329514613457,
    0.8261474657855022,
    0.835289092728369,
    0.1633678222202658,
    0.44296677752821423,
    -0.042203200591440115,
    0.39511023325209227
  ],
  "mse": 0.08490437269210815,
  "cosine_sim": 0.6687657237052917,
  "elapsed_seconds": 91.06568717956543
}