{
  "encoder": "two-stream-v11",
  "checkpoint": "/proj/external_group/mrg/checkpoints/two_stream_v15/20260511_045319/latest.pt",
  "task_suite": "libero_object",
  "view": "eye_in_hand_rgb",
  "gap": 13,
  "gap_seconds": 0.65,
  "v11_mode": "p_t_p_tk",
  "n_train_demos": 396,
  "n_eval_demos": 99,
  "n_train_pairs": 53451,
  "n_eval_pairs": 13403,
  "best_epoch": 20,
  "r2_aggregate": 0.7476460240030891,
  "r2_per_dim": [
    0.7973535195892728,
    0.9277649115133387,
    0.8761117740542166,
    0.2309020612983247,
    0.7532000228230165,
    0.6913169396171492,
    0.7469431140424609
  ],
  "mse": 0.03559161722660065,
  "cosine_sim": 0.8641105890274048,
  "elapsed_seconds": 308.5855197906494
}