{
  "encoder": "two-stream-v11",
  "checkpoint": "/proj/external_group/mrg/checkpoints/two_stream_v15/20260511_045319/latest.pt",
  "task_suite": "libero_spatial",
  "view": "both",
  "gap": 13,
  "gap_seconds": 0.65,
  "v11_mode": "p_t_p_tk",
  "n_train_demos": 396,
  "n_eval_demos": 99,
  "n_train_pairs": 44472,
  "n_eval_pairs": 10383,
  "best_epoch": 20,
  "r2_aggregate": 0.7787326559935692,
  "r2_per_dim": [
    0.9048469614315076,
    0.9129345284354106,
    0.9430038697322238,
    0.28474377286743346,
    0.8868430947378839,
    0.6058856522223132,
    0.7790375653445478
  ],
  "mse": 0.03126253932714462,
  "cosine_sim": 0.8801754117012024,
  "elapsed_seconds": 499.4399049282074
}