{
  "encoder": "videomae-ours",
  "checkpoint": "/proj/external_group/mrg/checkpoints/videomae/20260415_012017/best_model.pt",
  "split": "training",
  "view": "rgb_static",
  "gap": 5,
  "gap_seconds": 0.16666666666666666,
  "v11_mode": null,
  "n_train_episodes": 142,
  "n_eval_episodes": 36,
  "n_train_pairs": 189901,
  "n_eval_pairs": 39997,
  "best_epoch": 20,
  "r2_aggregate": 0.2388962088429063,
  "r2_per_dim": [
    0.8380744547195034,
    0.7816098502967236,
    0.7510406218477697,
    0.20282128448522985,
    0.5168366759481478,
    0.2533987438223074,
    0.20155603739603412
  ],
  "mse": 0.1365649253129959,
  "cosine_sim": 0.4622794985771179
}