{
  "encoder": "videomae-ours",
  "checkpoint": "/proj/external_group/mrg/checkpoints/videomae/20260415_012017/best_model.pt",
  "task_suite": "libero_object",
  "view": "agentview_rgb",
  "gap": 1,
  "gap_seconds": 0.05,
  "v11_mode": null,
  "n_train_demos": 396,
  "n_eval_demos": 99,
  "n_train_pairs": 58203,
  "n_eval_pairs": 14591,
  "best_epoch": 20,
  "r2_aggregate": 0.654937907122514,
  "r2_per_dim": [
    -0.047179937742425127,
    0.4479315776171773,
    0.7495394668989228,
    0.02428998375764113,
    -1.2352698896306542,
    0.10576843049496887,
    0.655027651598594
  ],
  "mse": 0.04894145205616951,
  "cosine_sim": 0.8003852963447571,
  "elapsed_seconds": 183.0646414756775
}