{
  "encoder": "vc1",
  "checkpoint": null,
  "task_suite": "libero_object",
  "view": "eye_in_hand_rgb",
  "gap": 40,
  "gap_seconds": 2.0,
  "v11_mode": null,
  "n_train_demos": 396,
  "n_eval_demos": 99,
  "n_train_pairs": 42759,
  "n_eval_pairs": 10730,
  "best_epoch": 20,
  "r2_aggregate": 0.67282057057462,
  "r2_per_dim": [
    0.8499149336282166,
    0.9571464036302129,
    0.9691311740977562,
    -0.2245228406649653,
    0.8952849582669632,
    0.8570920386914012,
    0.6499759278659059
  ],
  "mse": 0.04058633744716644,
  "cosine_sim": 0.8450816869735718,
  "elapsed_seconds": 219.44812488555908
}