{
  "encoder": "two-stream-v11",
  "checkpoint": "/proj/external_group/mrg/checkpoints/two_stream_v15/20260511_045319/checkpoint_epoch0032.pt",
  "task_suite": "libero_spatial",
  "view": "agentview_rgb",
  "gap": 40,
  "gap_seconds": 2.0,
  "v11_mode": "p_t_p_tk",
  "n_train_demos": 396,
  "n_eval_demos": 99,
  "n_train_pairs": 33780,
  "n_eval_pairs": 7710,
  "best_epoch": 20,
  "r2_aggregate": 0.3792967239731777,
  "r2_per_dim": [
    0.8792460956456885,
    0.9580952976318667,
    0.9468573214310207,
    0.5715147817953383,
    0.7261993362429118,
    0.6100584517396188,
    0.3199088807456807
  ],
  "mse": 0.0697472095489502,
  "cosine_sim": 0.7302622199058533,
  "elapsed_seconds": 195.07655501365662
}