{
  "encoder": "parvo",
  "checkpoint": "/proj/external_group/mrg/checkpoints/two_stream_v15b_step1_comp_mae_s/20260629_101634/latest.pt",
  "task_suite": "libero_goal",
  "view": "agentview_rgb",
  "gap": 40,
  "gap_seconds": 2.0,
  "readout": "attentive",
  "parvo_mode": "p_t_p_tk",
  "v11_mode": null,
  "n_train_demos": 396,
  "n_eval_demos": 99,
  "n_train_pairs": 33350,
  "n_eval_pairs": 9120,
  "best_epoch": 20,
  "r2_aggregate": 0.5144689013681871,
  "r2_per_dim": [
    0.6859987601787354,
    0.8425919703300943,
    0.8595356756396789,
    0.5886086778379447,
    0.5094547657401625,
    0.633994942307444,
    0.48619317327585265
  ],
  "mse": 0.08700218796730042,
  "cosine_sim": 0.6553214192390442,
  "elapsed_seconds": 103.06571435928345
}