{
  "encoder": "two-stream-v11",
  "checkpoint": "/proj/external_group/mrg/checkpoints/two_stream_v15/20260511_045319/latest.pt",
  "task_suite": "libero_object",
  "view": "both",
  "gap": 40,
  "gap_seconds": 2.0,
  "v11_mode": "p_t_p_tk",
  "n_train_demos": 396,
  "n_eval_demos": 99,
  "n_train_pairs": 42759,
  "n_eval_pairs": 10730,
  "best_epoch": 17,
  "r2_aggregate": 0.6833158315806156,
  "r2_per_dim": [
    0.7397048995477329,
    0.9848276715485524,
    0.9342784251948414,
    0.43512515969417354,
    0.9219932630299138,
    0.7656072162811458,
    0.6595187173203698
  ],
  "mse": 0.03928440809249878,
  "cosine_sim": 0.8437708616256714,
  "elapsed_seconds": 491.48037981987
}