{
  "encoder": "vc1",
  "checkpoint": null,
  "split": "training",
  "view": "rgb_static",
  "gap": 20,
  "gap_seconds": 0.6666666666666666,
  "v11_mode": null,
  "n_train_episodes": 200,
  "n_eval_episodes": 1087,
  "n_train_pairs": 8114,
  "n_eval_pairs": 43053,
  "best_epoch": 18,
  "r2_aggregate": 0.059708307269739413,
  "r2_per_dim": [
    0.41421262336524545,
    0.5113164576622898,
    0.47724052642710457,
    0.18492463406626547,
    0.33742365764827653,
    0.0009857109056642388,
    0.05856727596823763
  ],
  "mse": 0.13656145334243774,
  "cosine_sim": 0.3593738079071045
}