{
  "encoder": "parvo",
  "checkpoint": "/proj/external_group/mrg/checkpoints/two_stream_v15b_step1_comp_mae_s/20260629_101634/latest.pt",
  "task_suite": "libero_spatial",
  "view": "agentview_rgb",
  "gap": 40,
  "gap_seconds": 2.0,
  "readout": "attentive",
  "parvo_mode": "p_t_p_tk",
  "v11_mode": null,
  "n_train_demos": 396,
  "n_eval_demos": 99,
  "n_train_pairs": 33780,
  "n_eval_pairs": 7710,
  "best_epoch": 19,
  "r2_aggregate": 0.25400057101103335,
  "r2_per_dim": [
    0.7545896816410862,
    0.8253866441434563,
    0.8569836114831278,
    0.3635206222981908,
    0.6823045587744117,
    0.4696941393988475,
    0.19442760469774134
  ],
  "mse": 0.08382648974657059,
  "cosine_sim": 0.6594022512435913,
  "elapsed_seconds": 83.0350501537323
}