{
  "encoder": "videomae-ours",
  "checkpoint": "/proj/external_group/mrg/checkpoints/videomae/20260415_012017/best_model.pt",
  "task_suite": "libero_object",
  "view": "agentview_rgb",
  "gap": 1,
  "gap_seconds": 0.05,
  "readout": "attentive",
  "parvo_mode": null,
  "v11_mode": null,
  "n_train_demos": 396,
  "n_eval_demos": 99,
  "n_train_pairs": 58203,
  "n_eval_pairs": 14591,
  "best_epoch": 20,
  "r2_aggregate": 0.6157581065151723,
  "r2_per_dim": [
    -8.845488113641103,
    -1.6991053466767214,
    0.45629442454105373,
    -8.396156676788191,
    -0.0175987864195013,
    -0.9881812393865275,
    0.6160925519826136
  ],
  "mse": 0.05449846759438515,
  "cosine_sim": 0.7408197522163391,
  "elapsed_seconds": 332.98936462402344
}