{
  "encoder": "parvo",
  "checkpoint": "/proj/external_group/mrg/checkpoints/two_stream_v15b_step1_comp_mae_s/20260629_101634/latest.pt",
  "task_suite": "libero_goal",
  "view": "agentview_rgb",
  "gap": 20,
  "gap_seconds": 1.0,
  "readout": "mean",
  "parvo_mode": "p_t_m",
  "v11_mode": null,
  "n_train_demos": 396,
  "n_eval_demos": 99,
  "n_train_pairs": 41270,
  "n_eval_pairs": 11100,
  "best_epoch": 19,
  "r2_aggregate": 0.5662248813902713,
  "r2_per_dim": [
    0.5904525491754506,
    0.7945464817245154,
    0.7401411844924404,
    0.5284446264883049,
    0.5140635283545282,
    0.6738663037445463,
    0.5610047717616102
  ],
  "mse": 0.06441571563482285,
  "cosine_sim": 0.7345072031021118,
  "elapsed_seconds": 75.64687657356262
}