{
  "encoder": "videomae-ours",
  "checkpoint": "/proj/external_group/mrg/checkpoints/videomae/20260415_012017/best_model.pt",
  "task_suite": "libero_object",
  "view": "agentview_rgb",
  "gap": 20,
  "gap_seconds": 1.0,
  "readout": "attentive",
  "parvo_mode": null,
  "v11_mode": null,
  "n_train_demos": 396,
  "n_eval_demos": 99,
  "n_train_pairs": 50679,
  "n_eval_pairs": 12710,
  "best_epoch": 19,
  "r2_aggregate": 0.7009103238411998,
  "r2_per_dim": [
    0.775873525421359,
    0.973384614614368,
    0.9591034926317124,
    0.3438530995933836,
    0.5558495225222067,
    0.18457868995986837,
    0.701204335053556
  ],
  "mse": 0.041883938014507294,
  "cosine_sim": 0.8347704410552979,
  "elapsed_seconds": 279.7284617424011
}