{
  "encoder": "two-stream-v11",
  "checkpoint": "/proj/external_group/mrg/checkpoints/two_stream_v11/20260426_014333/checkpoint_epoch0044.pt",
  "task_suite": "libero_goal",
  "view": "agentview_rgb",
  "gap": 20,
  "gap_seconds": 1.0,
  "v11_mode": "abd_prime",
  "n_train_demos": 396,
  "n_eval_demos": 99,
  "n_train_pairs": 41270,
  "n_eval_pairs": 11100,
  "best_epoch": 20,
  "r2_aggregate": 0.6129330188173989,
  "r2_per_dim": [
    0.6757261361088043,
    0.8757674942382778,
    0.799635328752612,
    0.5872740247230858,
    0.5767965899908591,
    0.7267183670019408,
    0.6064105261239419
  ],
  "mse": 0.05747954547405243,
  "cosine_sim": 0.7662210464477539,
  "elapsed_seconds": 150.01550030708313
}