{
  "encoder": "videomae-ours",
  "checkpoint": "/proj/external_group/mrg/checkpoints/videomae/20260415_012017/best_model.pt",
  "task_suite": "libero_object",
  "view": "agentview_rgb",
  "gap": 1,
  "gap_seconds": 0.05,
  "readout": "mean",
  "parvo_mode": null,
  "v11_mode": null,
  "n_train_demos": 396,
  "n_eval_demos": 99,
  "n_train_pairs": 58203,
  "n_eval_pairs": 14591,
  "best_epoch": 20,
  "r2_aggregate": 0.3944142667035502,
  "r2_per_dim": [
    -0.10897121588655811,
    0.31206023820304474,
    -1.3745333598643485,
    -0.3540642624521031,
    -1.2985134272928494,
    -5.352387529487016,
    0.39468498429187215
  ],
  "mse": 0.08589249849319458,
  "cosine_sim": 0.61918705701828,
  "elapsed_seconds": 187.49469089508057
}