{
  "encoder": "parvo",
  "checkpoint": "/proj/external_group/mrg/checkpoints/two_stream_v15b_step1_comp_mae_s/20260629_101634/latest.pt",
  "task_suite": "libero_object",
  "view": "agentview_rgb",
  "gap": 40,
  "gap_seconds": 2.0,
  "readout": "mean",
  "parvo_mode": "p_t_p_tk",
  "v11_mode": null,
  "n_train_demos": 396,
  "n_eval_demos": 99,
  "n_train_pairs": 42759,
  "n_eval_pairs": 10730,
  "best_epoch": 18,
  "r2_aggregate": 0.3964637060743308,
  "r2_per_dim": [
    0.630214872223958,
    0.9183004030309659,
    0.9292510338731268,
    0.21645590349524557,
    0.5773986958624966,
    0.229140066951662,
    0.36236015866507776
  ],
  "mse": 0.07486817240715027,
  "cosine_sim": 0.6979280710220337,
  "elapsed_seconds": 72.91889023780823
}