{
  "encoder": "two-stream-v11",
  "checkpoint": "/proj/external_group/mrg/checkpoints/two_stream_v15_vfromm/20260515_153323/checkpoint_epoch0036.pt",
  "task_suite": "libero_spatial",
  "view": "agentview_rgb",
  "gap": 1,
  "gap_seconds": 0.05,
  "v11_mode": "p_t_p_tk",
  "n_train_demos": 396,
  "n_eval_demos": 99,
  "n_train_pairs": 49224,
  "n_eval_pairs": 11571,
  "best_epoch": 20,
  "r2_aggregate": 0.37779640535816017,
  "r2_per_dim": [
    0.36210960867032316,
    0.014090758292954697,
    0.129754358175606,
    -0.5087182551144307,
    0.12674131510424136,
    0.02917348988784363,
    0.3778621415569673
  ],
  "mse": 0.08846497535705566,
  "cosine_sim": 0.5617502927780151,
  "elapsed_seconds": 281.27655959129333
}