{
  "encoder": "parvo",
  "checkpoint": "/proj/external_group/mrg/checkpoints/two_stream_v15b_step1_comp_mae_s/20260629_101634/latest.pt",
  "task_suite": "libero_goal",
  "view": "agentview_rgb",
  "gap": 13,
  "gap_seconds": 0.65,
  "readout": "attentive",
  "parvo_mode": "p_t_p_tk",
  "v11_mode": null,
  "n_train_demos": 396,
  "n_eval_demos": 99,
  "n_train_pairs": 44042,
  "n_eval_pairs": 11793,
  "best_epoch": 17,
  "r2_aggregate": 0.5214848672405195,
  "r2_per_dim": [
    0.25511772386854004,
    0.6649745783220604,
    0.6777635865817688,
    0.3367384603618787,
    0.38713966517745757,
    0.4526507294820703,
    0.5255747248896616
  ],
  "mse": 0.06603493541479111,
  "cosine_sim": 0.7128063440322876,
  "elapsed_seconds": 138.2811141014099
}