{
  "encoder": "parvo",
  "checkpoint": "/proj/external_group/mrg/checkpoints/two_stream_v15b_step1_comp_mae_s/20260629_101634/latest.pt",
  "task_suite": "libero_object",
  "view": "agentview_rgb",
  "gap": 40,
  "gap_seconds": 2.0,
  "readout": "attentive",
  "parvo_mode": "p_t_m",
  "v11_mode": null,
  "n_train_demos": 396,
  "n_eval_demos": 99,
  "n_train_pairs": 42759,
  "n_eval_pairs": 10730,
  "best_epoch": 19,
  "r2_aggregate": 0.6554436566009868,
  "r2_per_dim": [
    0.7435982112643638,
    0.9602061893799878,
    0.9472243684140115,
    0.3184047765809792,
    0.6282318353824092,
    0.36864481936927174,
    0.6451282047062827
  ],
  "mse": 0.04274192824959755,
  "cosine_sim": 0.8277422189712524,
  "elapsed_seconds": 98.46705508232117
}