{
  "encoder": "parvo",
  "checkpoint": "/proj/external_group/mrg/checkpoints/two_stream_v15b_step1_comp_mae_s/20260629_101634/latest.pt",
  "task_suite": "libero_object",
  "view": "agentview_rgb",
  "gap": 20,
  "gap_seconds": 1.0,
  "readout": "attentive",
  "parvo_mode": "p_t_p_tk",
  "v11_mode": null,
  "n_train_demos": 396,
  "n_eval_demos": 99,
  "n_train_pairs": 50679,
  "n_eval_pairs": 12710,
  "best_epoch": 20,
  "r2_aggregate": 0.5465601867099854,
  "r2_per_dim": [
    0.7069396918292281,
    0.8792776640034161,
    0.9018675786934592,
    0.26785011567267747,
    0.5567929832363938,
    0.25175816429512554,
    0.5416906884557842
  ],
  "mse": 0.0634988322854042,
  "cosine_sim": 0.75556880235672,
  "elapsed_seconds": 127.44135689735413
}