{
  "encoder": "videomae-ours",
  "checkpoint": "/proj/external_group/mrg/checkpoints/videomae/20260415_012017/best_model.pt",
  "split": "validation",
  "view": "rgb_static",
  "gap": 10,
  "gap_seconds": 0.3333333333333333,
  "v11_mode": null,
  "n_train_episodes": 869,
  "n_eval_episodes": 218,
  "n_train_pairs": 42998,
  "n_eval_pairs": 10925,
  "best_epoch": 19,
  "r2_aggregate": 0.3542126695630792,
  "r2_per_dim": [
    0.8144783026465254,
    0.8271415793715132,
    0.8378166570606007,
    0.5037167954691345,
    0.6430608005136571,
    0.5254610273066489,
    0.34588036870445604
  ],
  "mse": 0.0920727401971817,
  "cosine_sim": 0.5795841813087463
}