{
  "encoder": "two-stream-v11",
  "checkpoint": "/proj/external_group/mrg/checkpoints/two_stream_v15/20260511_045319/latest.pt",
  "split": "validation",
  "view": "rgb_static",
  "gap": 1,
  "gap_seconds": 0.03333333333333333,
  "v11_mode": "p_t_p_tk",
  "n_train_episodes": 3,
  "n_eval_episodes": 1,
  "n_train_pairs": 6132,
  "n_eval_pairs": 3768,
  "best_epoch": 20,
  "r2_aggregate": 0.07830416535568352,
  "r2_per_dim": [
    0.4936044294482044,
    0.3744004283388487,
    0.45898738296310115,
    0.1751721188937455,
    0.26169196799131733,
    0.04905634282317617,
    0.07522143932163472
  ],
  "mse": 0.13394670188426971,
  "cosine_sim": 0.26108357310295105
}