{
  "encoder": "parvo",
  "checkpoint": "/proj/external_group/mrg/checkpoints/two_stream_v15b_step1_comp_mae_s/20260629_101634/latest.pt",
  "task_suite": "libero_spatial",
  "view": "agentview_rgb",
  "gap": 13,
  "gap_seconds": 0.65,
  "readout": "mean",
  "parvo_mode": "p_t_p_tk",
  "v11_mode": null,
  "n_train_demos": 396,
  "n_eval_demos": 99,
  "n_train_pairs": 44472,
  "n_eval_pairs": 10383,
  "best_epoch": 20,
  "r2_aggregate": 0.3113400399114762,
  "r2_per_dim": [
    0.681786110749778,
    0.5212789380026838,
    0.7281815911371285,
    0.12565148826505035,
    0.5009694752357523,
    0.3471792548957592,
    0.30643759082046795
  ],
  "mse": 0.09729976207017899,
  "cosine_sim": 0.5820558667182922,
  "elapsed_seconds": 73.48333930969238
}