{
  "encoder": "two-stream-v11",
  "checkpoint": "/proj/external_group/mrg/checkpoints/two_stream_v15/20260511_045319/latest.pt",
  "split": "validation",
  "view": "rgb_static",
  "gap": 10,
  "gap_seconds": 0.3333333333333333,
  "v11_mode": "p_t_p_tk",
  "n_train_episodes": 3,
  "n_eval_episodes": 1,
  "n_train_pairs": 6105,
  "n_eval_pairs": 3759,
  "best_epoch": 20,
  "r2_aggregate": 0.3991242516866108,
  "r2_per_dim": [
    0.72423226598135,
    0.6760224037508762,
    0.5857494624046728,
    0.012218799728702767,
    0.13885386257388532,
    0.08292510780732876,
    0.03149745890460287
  ],
  "mse": 0.37135380506515503,
  "cosine_sim": 0.5585816502571106
}