{
  "encoder": "parvo",
  "checkpoint": "/proj/external_group/mrg/checkpoints/two_stream_v15b_step1_comp_mae_s/20260629_101634/latest.pt",
  "task_suite": "libero_goal",
  "view": "agentview_rgb",
  "gap": 40,
  "gap_seconds": 2.0,
  "readout": "mean",
  "parvo_mode": "p_t_p_tk",
  "v11_mode": null,
  "n_train_demos": 396,
  "n_eval_demos": 99,
  "n_train_pairs": 33350,
  "n_eval_pairs": 9120,
  "best_epoch": 20,
  "r2_aggregate": 0.45864715955799495,
  "r2_per_dim": [
    0.6766236917054234,
    0.8675851594622088,
    0.8469109989340782,
    0.5482235414330641,
    0.4667450499183132,
    0.6349114577359379,
    0.4198999857450807
  ],
  "mse": 0.09700486809015274,
  "cosine_sim": 0.6231486797332764,
  "elapsed_seconds": 69.28477239608765
}