{
  "encoder": "two-stream-v11",
  "checkpoint": "/proj/external_group/mrg/checkpoints/two_stream_v15_vfromm/20260515_153323/checkpoint_epoch0040.pt",
  "task_suite": "libero_spatial",
  "view": "agentview_rgb",
  "gap": 13,
  "gap_seconds": 0.65,
  "v11_mode": "p_t_p_tk",
  "n_train_demos": 396,
  "n_eval_demos": 99,
  "n_train_pairs": 44472,
  "n_eval_pairs": 10383,
  "best_epoch": 20,
  "r2_aggregate": 0.5491831636659339,
  "r2_per_dim": [
    0.787276482272522,
    0.8813206972054252,
    0.825309163183599,
    0.3881842128690489,
    0.6516882307913499,
    0.4197613495444331,
    0.5467399242070905
  ],
  "mse": 0.06369525194168091,
  "cosine_sim": 0.7243784070014954,
  "elapsed_seconds": 253.37895464897156
}