{
  "encoder": "two-stream-v11",
  "checkpoint": "/proj/external_group/mrg/checkpoints/two_stream_v15_vfromm/20260515_153323/checkpoint_epoch0040.pt",
  "task_suite": "libero_spatial",
  "view": "agentview_rgb",
  "gap": 1,
  "gap_seconds": 0.05,
  "v11_mode": "p_t_p_tk",
  "n_train_demos": 396,
  "n_eval_demos": 99,
  "n_train_pairs": 49224,
  "n_eval_pairs": 11571,
  "best_epoch": 20,
  "r2_aggregate": 0.36786496559323245,
  "r2_per_dim": [
    0.16318851654168987,
    -0.14294402996552558,
    0.3971193855356788,
    -0.7625815038428492,
    0.14669422688206013,
    0.2964983600527902,
    0.3679182983175425
  ],
  "mse": 0.08987702429294586,
  "cosine_sim": 0.5380242466926575,
  "elapsed_seconds": 281.25220799446106
}