{
  "encoder": "two-stream-v11",
  "checkpoint": "/proj/external_group/mrg/checkpoints/two_stream_v15/20260511_045319/latest.pt",
  "task_suite": "libero_goal",
  "view": "eye_in_hand_rgb",
  "gap": 40,
  "gap_seconds": 2.0,
  "v11_mode": "p_t_p_tk",
  "n_train_demos": 396,
  "n_eval_demos": 99,
  "n_train_pairs": 33350,
  "n_eval_pairs": 9120,
  "best_epoch": 20,
  "r2_aggregate": 0.7654094623367897,
  "r2_per_dim": [
    0.914020129139539,
    0.8887236030761779,
    0.9519834638757373,
    0.7727920698820077,
    0.9440832955104892,
    0.9057858733841289,
    0.7295776334555495
  ],
  "mse": 0.04203621670603752,
  "cosine_sim": 0.8535743355751038,
  "elapsed_seconds": 199.67092609405518
}