dim,name,cos_Wt_negWtk,sign_match_Wt_negWtk,norm_Wt,norm_Wtk
0,Δx,0.6139142613673597,0.6979166666666666,3.2325873374938965,3.689303398132324
1,Δy,0.6660411094647655,0.7421875,2.4485251903533936,2.3469996452331543
2,Δz,0.7851772738955497,0.7578125,3.581686019897461,3.628666639328003
3,Δrx,0.5905088903294988,0.69140625,5.82352876663208,6.556212902069092
4,Δry,0.1731395276551274,0.5169270833333334,7.194425106048584,8.554030418395996
5,Δrz,0.7504730337783583,0.7565104166666666,6.792563438415527,6.785897254943848
6,grip,-0.10171269961854426,0.4518229166666667,25.20838737487793,18.619340896606445
