{
  "encoder": "videomae-ours",
  "checkpoint": "/proj/external_group/mrg/checkpoints/videomae/20260415_012017/best_model.pt",
  "task_suite": "libero_goal",
  "view": "agentview_rgb",
  "gap": 20,
  "gap_seconds": 1.0,
  "readout": "attentive",
  "parvo_mode": null,
  "v11_mode": null,
  "n_train_demos": 396,
  "n_eval_demos": 99,
  "n_train_pairs": 41270,
  "n_eval_pairs": 11100,
  "best_epoch": 20,
  "r2_aggregate": 0.6648703729112888,
  "r2_per_dim": [
    0.7534870536041115,
    0.8387092054650604,
    0.8974144896083596,
    0.6451016096783133,
    0.6223116891229454,
    0.6885106983178139,
    0.6620163672455583
  ],
  "mse": 0.04976683482527733,
  "cosine_sim": 0.8000549674034119,
  "elapsed_seconds": 243.2876648902893
}