{
  "encoder": "videomae-ours",
  "checkpoint": "/proj/external_group/mrg/checkpoints/videomae/20260415_012017/best_model.pt",
  "split": "training",
  "view": "rgb_static",
  "gap": 20,
  "gap_seconds": 0.6666666666666666,
  "v11_mode": null,
  "n_train_episodes": 2000,
  "n_eval_episodes": 1087,
  "n_train_pairs": 79904,
  "n_eval_pairs": 43053,
  "best_epoch": 20,
  "r2_aggregate": 0.19023731906663044,
  "r2_per_dim": [
    0.7337323848631954,
    0.6969393058591818,
    0.6949476584586944,
    0.2200967921548398,
    0.4128033058546816,
    0.2650886698435313,
    0.1710765489403373
  ],
  "mse": 0.1176043227314949,
  "cosine_sim": 0.47489872574806213
}