{
  "encoder": "videomae-ours",
  "checkpoint": "/proj/external_group/mrg/checkpoints/videomae/20260415_012017/best_model.pt",
  "task_suite": "libero_object",
  "view": "agentview_rgb",
  "n_tasks": 10,
  "n_total_trajectories": 500,
  "n_kept_after_length_cutoff": 476,
  "n_valid_rho": 476,
  "length_cutoff": 179.0,
  "length_percentile": 95.0,
  "rho_mean": 0.5589886790547721,
  "rho_std": 0.1168485750207357,
  "rho_median": 0.5682192820846408,
  "rho_min": 0.15486923811798425,
  "rho_max": 0.8360329214774173,
  "elapsed_seconds": 95.29214715957642
}