{
  "encoder": "two-stream-v11",
  "checkpoint": "/proj/external_group/mrg/checkpoints/two_stream_v15/20260511_045319/checkpoint_epoch0032.pt",
  "task_suite": "libero_spatial",
  "view": "agentview_rgb",
  "gap": 1,
  "gap_seconds": 0.05,
  "v11_mode": "p_t_p_tk",
  "n_train_demos": 396,
  "n_eval_demos": 99,
  "n_train_pairs": 49224,
  "n_eval_pairs": 11571,
  "best_epoch": 20,
  "r2_aggregate": 0.4004531250667701,
  "r2_per_dim": [
    0.0202902088878969,
    0.2766591399352265,
    -1.1503383153967515,
    -1.1542605829287749,
    0.07776135729685385,
    0.185430777660069,
    0.4005859946520154
  ],
  "mse": 0.08524364233016968,
  "cosine_sim": 0.578484296798706,
  "elapsed_seconds": 282.3186972141266
}