{
  "encoder": "videomae-ours",
  "checkpoint": "/proj/external_group/mrg/checkpoints/videomae/20260415_012017/best_model.pt",
  "split": "training",
  "view": "rgb_static",
  "gap": 45,
  "gap_seconds": 1.5,
  "readout": "attentive",
  "parvo_mode": null,
  "v11_mode": null,
  "n_train_episodes": 200,
  "n_eval_episodes": 1087,
  "n_train_pairs": 3282,
  "n_eval_pairs": 16812,
  "best_epoch": 19,
  "r2_aggregate": 0.0007076684804754318,
  "r2_per_dim": [
    0.6496443684968449,
    0.5779741887847701,
    0.5169173883586738,
    -0.008681607229970467,
    0.3364076742034916,
    -0.06283192313613628,
    0.006992185768477044
  ],
  "mse": 0.14438648521900177,
  "cosine_sim": 0.608948826789856
}