{
  "encoder": "two-stream-v11",
  "checkpoint": "/proj/external_group/mrg/checkpoints/two_stream_v15_vfromm/20260515_153323/checkpoint_epoch0028.pt",
  "task_suite": "libero_spatial",
  "view": "agentview_rgb",
  "gap": 1,
  "gap_seconds": 0.05,
  "v11_mode": "p_t_p_tk",
  "n_train_demos": 396,
  "n_eval_demos": 99,
  "n_train_pairs": 49224,
  "n_eval_pairs": 11571,
  "best_epoch": 20,
  "r2_aggregate": 0.43701010383723327,
  "r2_per_dim": [
    -0.6826674609673993,
    -3.6852338764661674,
    0.38335261202349213,
    -0.30233153369355525,
    -0.17515150634184162,
    -0.08234916053867569,
    0.43718207733414105
  ],
  "mse": 0.08004596084356308,
  "cosine_sim": 0.6220823526382446,
  "elapsed_seconds": 282.34829783439636
}