{
  "encoder": "two-stream-v11",
  "checkpoint": "/proj/external_group/mrg/checkpoints/two_stream_v15/20260511_045319/latest.pt",
  "task_suite": "libero_spatial",
  "view": "agentview_rgb",
  "gap": 40,
  "gap_seconds": 2.0,
  "v11_mode": "p_t_p_tk",
  "n_train_demos": 396,
  "n_eval_demos": 99,
  "n_train_pairs": 33780,
  "n_eval_pairs": 7710,
  "best_epoch": 20,
  "r2_aggregate": 0.3608442990253292,
  "r2_per_dim": [
    0.8493005567525599,
    0.9604249776153172,
    0.937841924601063,
    0.5379674378294981,
    0.7097771412878592,
    0.6060727548324636,
    0.30012709389479186
  ],
  "mse": 0.07182066887617111,
  "cosine_sim": 0.7189072370529175,
  "elapsed_seconds": 193.86822509765625
}