{
  "encoder": "two-stream-v11",
  "checkpoint": "/proj/external_group/mrg/checkpoints/two_stream_v15/20260511_045319/latest.pt",
  "task_suite": "libero_object",
  "view": "both",
  "gap": 20,
  "gap_seconds": 1.0,
  "v11_mode": "p_t_p_tk",
  "n_train_demos": 396,
  "n_eval_demos": 99,
  "n_train_pairs": 50679,
  "n_eval_pairs": 12710,
  "best_epoch": 20,
  "r2_aggregate": 0.7562320277451602,
  "r2_per_dim": [
    0.7183621113328194,
    0.9536560210784838,
    0.9670036699591791,
    0.4489644397987155,
    0.8864965699365246,
    0.7603241984659692,
    0.7516900038908585
  ],
  "mse": 0.03413679450750351,
  "cosine_sim": 0.8675139546394348,
  "elapsed_seconds": 579.9675498008728
}