{
  "encoder": "parvo",
  "checkpoint": "/proj/external_group/mrg/checkpoints/two_stream_v15b_step1_comp_mae_s/20260629_101634/latest.pt",
  "task_suite": "libero_goal",
  "view": "agentview_rgb",
  "gap": 13,
  "gap_seconds": 0.65,
  "readout": "mean",
  "parvo_mode": "p_t_p_tk",
  "v11_mode": null,
  "n_train_demos": 396,
  "n_eval_demos": 99,
  "n_train_pairs": 44042,
  "n_eval_pairs": 11793,
  "best_epoch": 20,
  "r2_aggregate": 0.4412940982841357,
  "r2_per_dim": [
    0.4607759365902393,
    0.700712920005614,
    0.6802730995090231,
    0.26784962000890145,
    0.3664346044200326,
    0.3533502916477784,
    0.44351308382144006
  ],
  "mse": 0.07710123807191849,
  "cosine_sim": 0.6610622406005859,
  "elapsed_seconds": 91.23786425590515
}