{
  "encoder": "two-stream-v11",
  "checkpoint": "/proj/external_group/mrg/checkpoints/two_stream_v11/20260426_014333/checkpoint_epoch0044.pt",
  "task_suite": "libero_object",
  "view": "agentview_rgb",
  "n_tasks": 10,
  "n_total_trajectories": 500,
  "n_kept_after_length_cutoff": 476,
  "n_valid_rho": 476,
  "length_cutoff": 179.0,
  "length_percentile": 95.0,
  "rho_mean": 0.3785978556307085,
  "rho_std": 0.2511655200766824,
  "rho_median": 0.384512069271898,
  "rho_min": -0.48250511408339875,
  "rho_max": 0.8927831791146795,
  "elapsed_seconds": 216.3826825618744
}