{
  "encoder": "videomae-ours",
  "checkpoint": "/proj/external_group/mrg/checkpoints/videomae/20260415_012017/best_model.pt",
  "task_suite": "libero_spatial",
  "view": "agentview_rgb",
  "gap": 13,
  "gap_seconds": 0.65,
  "readout": "attentive",
  "parvo_mode": null,
  "v11_mode": null,
  "n_train_demos": 396,
  "n_eval_demos": 99,
  "n_train_pairs": 44472,
  "n_eval_pairs": 10383,
  "best_epoch": 19,
  "r2_aggregate": 0.6070516206255809,
  "r2_per_dim": [
    0.7807011065720313,
    0.8675690986200033,
    0.8682601403738635,
    0.40374284900868085,
    0.6199855588532752,
    0.16099816159716407,
    0.607968520631011
  ],
  "mse": 0.05551910027861595,
  "cosine_sim": 0.7648957967758179,
  "elapsed_seconds": 312.6092629432678
}