{
  "encoder": "videomae-ours",
  "checkpoint": "/proj/external_group/mrg/checkpoints/videomae/20260415_012017/best_model.pt",
  "split": "training",
  "view": "rgb_static",
  "gap": 1,
  "gap_seconds": 0.03333333333333333,
  "v11_mode": null,
  "n_train_episodes": 142,
  "n_eval_episodes": 36,
  "n_train_pairs": 190469,
  "n_eval_pairs": 40141,
  "best_epoch": 19,
  "r2_aggregate": 0.3548508030609583,
  "r2_per_dim": [
    0.663344567993001,
    0.7429948841515407,
    0.591312607541082,
    -0.009671560221955477,
    0.45729966226859775,
    0.2231259265172052,
    0.3565274763103907
  ],
  "mse": 0.09428245574235916,
  "cosine_sim": 0.5623508095741272
}