{
  "encoder": "videomae-ours",
  "checkpoint": "/proj/external_group/mrg/checkpoints/videomae/20260415_012017/best_model.pt",
  "task_suite": "libero_spatial",
  "view": "agentview_rgb",
  "gap": 20,
  "gap_seconds": 1.0,
  "readout": "attentive",
  "parvo_mode": null,
  "v11_mode": null,
  "n_train_demos": 396,
  "n_eval_demos": 99,
  "n_train_pairs": 41700,
  "n_eval_pairs": 9690,
  "best_epoch": 20,
  "r2_aggregate": 0.6059303036345491,
  "r2_per_dim": [
    0.807045017049827,
    0.9203590157281942,
    0.9085447584394157,
    0.35855384695638703,
    0.681199692840764,
    0.5434722929414681,
    0.6009582328989239
  ],
  "mse": 0.05478088930249214,
  "cosine_sim": 0.7760881781578064,
  "elapsed_seconds": 300.5371506214142
}