{
  "encoder": "vc1",
  "checkpoint": null,
  "split": "training",
  "view": "rgb_static",
  "gap": 3,
  "gap_seconds": 0.1,
  "v11_mode": null,
  "n_train_episodes": 142,
  "n_eval_episodes": 36,
  "n_train_pairs": 190185,
  "n_eval_pairs": 40069,
  "best_epoch": 20,
  "r2_aggregate": 0.4317652550797194,
  "r2_per_dim": [
    0.7805112772533519,
    0.7762749302828748,
    0.6810927071217019,
    0.2029701433544563,
    0.40064312269118096,
    0.30918605641821484,
    0.2185462762767879
  ],
  "mse": 0.19664908945560455,
  "cosine_sim": 0.6072337627410889
}