task_id,demo,T,rho
0,demo_0,98,0.8121122863390905
0,demo_1,84,0.7315581654348486
0,demo_10,93,0.8486914744412282
0,demo_11,128,0.7519323840827601
0,demo_12,86,0.85078541440634
