{
  "encoder": "parvo",
  "checkpoint": "/proj/external_group/mrg/checkpoints/two_stream_v15b_step1_comp_mae_s/20260629_101634/latest.pt",
  "task_suite": "libero_spatial",
  "view": "agentview_rgb",
  "gap": 20,
  "gap_seconds": 1.0,
  "readout": "mean",
  "parvo_mode": "p_t_m",
  "v11_mode": null,
  "n_train_demos": 396,
  "n_eval_demos": 99,
  "n_train_pairs": 41700,
  "n_eval_pairs": 9690,
  "best_epoch": 20,
  "r2_aggregate": 0.5405159489327511,
  "r2_per_dim": [
    0.7495109755428334,
    0.853700807506098,
    0.8238679029531768,
    0.33119043102397117,
    0.4974227242367063,
    0.3674796327589097,
    0.5384387025086963
  ],
  "mse": 0.06387434899806976,
  "cosine_sim": 0.7246590256690979,
  "elapsed_seconds": 62.87920665740967
}