{
  "encoder": "videomae-ours",
  "checkpoint": "/proj/external_group/mrg/checkpoints/videomae/20260415_012017/best_model.pt",
  "split": "training",
  "view": "rgb_static",
  "gap": 30,
  "gap_seconds": 1.0,
  "readout": "mean",
  "parvo_mode": null,
  "v11_mode": null,
  "n_train_episodes": 200,
  "n_eval_episodes": 1087,
  "n_train_pairs": 6114,
  "n_eval_pairs": 32183,
  "best_epoch": 17,
  "r2_aggregate": 0.018518942510275194,
  "r2_per_dim": [
    0.5840487657604562,
    0.4455091810804541,
    0.5574287704143632,
    0.06292074774865875,
    0.3955027727100344,
    -0.05076401821098364,
    0.020750417640573726
  ],
  "mse": 0.148660808801651,
  "cosine_sim": 0.4394075274467468
}