{
  "encoder": "vc1",
  "checkpoint": null,
  "split": "validation",
  "view": "rgb_static",
  "gap": 3,
  "gap_seconds": 0.1,
  "v11_mode": null,
  "n_train_episodes": 3,
  "n_eval_episodes": 1,
  "n_train_pairs": 6126,
  "n_eval_pairs": 3766,
  "best_epoch": 19,
  "r2_aggregate": 0.0749357000278923,
  "r2_per_dim": [
    0.6229007959509758,
    0.657672300852578,
    0.6891516413572707,
    0.34765865061430923,
    0.4907082464334236,
    0.025442773421094578,
    0.05191422092745013
  ],
  "mse": 0.14967109262943268,
  "cosine_sim": 0.25855734944343567
}