{
  "encoder": "parvo",
  "checkpoint": "/proj/external_group/mrg/checkpoints/two_stream_v15b_step1_comp_mae_s/20260629_101634/latest.pt",
  "task_suite": "libero_spatial",
  "view": "agentview_rgb",
  "gap": 40,
  "gap_seconds": 2.0,
  "readout": "mean",
  "parvo_mode": "p_t_m",
  "v11_mode": null,
  "n_train_demos": 396,
  "n_eval_demos": 99,
  "n_train_pairs": 33780,
  "n_eval_pairs": 7710,
  "best_epoch": 20,
  "r2_aggregate": 0.3243542605377828,
  "r2_per_dim": [
    0.798883415753345,
    0.9133493920750241,
    0.8912452029484714,
    0.4291126577301222,
    0.6033409571310211,
    0.5129216999213754,
    0.27072330032674385
  ],
  "mse": 0.07592098414897919,
  "cosine_sim": 0.6902720928192139,
  "elapsed_seconds": 50.47498893737793
}