{
  "encoder": "two-stream-v11",
  "checkpoint": "/proj/external_group/mrg/checkpoints/two_stream_v15/20260511_045319/latest.pt",
  "split": "validation",
  "view": "rgb_static",
  "gap": 30,
  "gap_seconds": 1.0,
  "v11_mode": "p_t_p_tk",
  "n_train_episodes": 16,
  "n_eval_episodes": 4,
  "n_train_pairs": 529,
  "n_eval_pairs": 140,
  "best_epoch": 2,
  "r2_aggregate": -0.015829705550124196,
  "r2_per_dim": [
    -0.09426911986755715,
    -0.3079714674679428,
    -0.6254087467383771,
    -0.3180269934272735,
    -0.16176718817696534,
    -0.2711060942129937,
    0.007350006004415266
  ],
  "mse": 0.0901886373758316,
  "cosine_sim": 0.633831262588501
}