{
  "encoder": "vc1",
  "checkpoint": null,
  "task_suite": "libero_spatial",
  "view": "eye_in_hand_rgb",
  "gap": 40,
  "gap_seconds": 2.0,
  "v11_mode": null,
  "n_train_demos": 396,
  "n_eval_demos": 99,
  "n_train_pairs": 33780,
  "n_eval_pairs": 7710,
  "best_epoch": 20,
  "r2_aggregate": 0.6644731661629568,
  "r2_per_dim": [
    0.8767822814499084,
    0.8838864823886573,
    0.9552767108822842,
    0.5374750731946315,
    0.8537195799834839,
    0.8861809202481825,
    0.6327347275308709
  ],
  "mse": 0.037702493369579315,
  "cosine_sim": 0.8759754300117493,
  "elapsed_seconds": 170.31712937355042
}