{
  "encoder": "videomae-ours",
  "checkpoint": "/proj/external_group/mrg/checkpoints/videomae/20260415_012017/best_model.pt",
  "task_suite": "libero_goal",
  "view": "agentview_rgb",
  "n_tasks": 10,
  "n_total_trajectories": 500,
  "n_kept_after_length_cutoff": 476,
  "n_valid_rho": 476,
  "length_cutoff": 204.0,
  "length_percentile": 95.0,
  "rho_mean": 0.6539279115999369,
  "rho_std": 0.23964761479202998,
  "rho_median": 0.6696602284435039,
  "rho_min": -0.39050628185263314,
  "rho_max": 0.9882357084991723,
  "elapsed_seconds": 96.28671503067017
}