{
  "encoder": "videomae-ours",
  "checkpoint": "/proj/external_group/mrg/checkpoints/videomae/20260415_012017/best_model.pt",
  "task_suite": "libero_goal",
  "view": "agentview_rgb",
  "gap": 40,
  "gap_seconds": 2.0,
  "readout": "attentive",
  "parvo_mode": null,
  "v11_mode": null,
  "n_train_demos": 396,
  "n_eval_demos": 99,
  "n_train_pairs": 33350,
  "n_eval_pairs": 9120,
  "best_epoch": 20,
  "r2_aggregate": 0.6398095188503766,
  "r2_per_dim": [
    0.841469356698187,
    0.930108600003404,
    0.9381723381652777,
    0.7531589681016339,
    0.7341787254816079,
    0.7599827131154158,
    0.6039322063499277
  ],
  "mse": 0.06454243510961533,
  "cosine_sim": 0.7595017552375793,
  "elapsed_seconds": 164.28004121780396
}