{
  "encoder": "vc1",
  "checkpoint": null,
  "task_suite": "libero_spatial",
  "view": "agentview_rgb",
  "n_tasks": 10,
  "n_total_trajectories": 500,
  "n_kept_after_length_cutoff": 475,
  "n_valid_rho": 475,
  "length_cutoff": 165.0999999999999,
  "length_percentile": 95.0,
  "rho_mean": 0.9045401416265612,
  "rho_std": 0.07473917815058746,
  "rho_median": 0.9294372294372294,
  "rho_min": 0.5018899476400388,
  "rho_max": 0.9969779851959526,
  "elapsed_seconds": 115.69799947738647
}