{
  "encoder": "two-stream-v11",
  "checkpoint": "/proj/external_group/mrg/checkpoints/two_stream_v11/20260426_014333/checkpoint_epoch0044.pt",
  "task_suite": "libero_goal",
  "view": "agentview_rgb",
  "n_tasks": 10,
  "n_total_trajectories": 500,
  "n_kept_after_length_cutoff": 476,
  "n_valid_rho": 476,
  "length_cutoff": 204.0,
  "length_percentile": 95.0,
  "rho_mean": 0.5128126369877023,
  "rho_std": 0.23530869467164958,
  "rho_median": 0.5423840240964675,
  "rho_min": -0.3351529219702574,
  "rho_max": 0.9184483095563806,
  "elapsed_seconds": 180.47326016426086
}