{
  "encoder": "siglip",
  "checkpoint": null,
  "split": "validation",
  "view": "rgb_static",
  "gap": 3,
  "gap_seconds": 0.1,
  "v11_mode": null,
  "n_train_episodes": 3,
  "n_eval_episodes": 1,
  "n_train_pairs": 6126,
  "n_eval_pairs": 3766,
  "best_epoch": 20,
  "r2_aggregate": 0.41080146307622045,
  "r2_per_dim": [
    0.7576373522276739,
    0.7403848048659383,
    0.6211953745291234,
    0.07910159264094352,
    0.2569167821426185,
    0.14929224515972983,
    0.22567079413429825
  ],
  "mse": 0.2060621827840805,
  "cosine_sim": 0.5772532224655151
}