{
  "encoder": "siglip",
  "checkpoint": null,
  "task_suite": "libero_object",
  "view": "eye_in_hand_rgb",
  "gap": 20,
  "gap_seconds": 1.0,
  "v11_mode": null,
  "n_train_demos": 396,
  "n_eval_demos": 99,
  "n_train_pairs": 50679,
  "n_eval_pairs": 12710,
  "best_epoch": 17,
  "r2_aggregate": 0.7716504952461062,
  "r2_per_dim": [
    0.7357639657883868,
    0.8898116524647427,
    0.9037587079011301,
    -0.01380398124763138,
    0.4982644054973704,
    0.42600072601053196,
    0.7761604946926842
  ],
  "mse": 0.03197762370109558,
  "cosine_sim": 0.8842558860778809,
  "elapsed_seconds": 279.0651295185089
}