{
  "encoder": "videomae-ours",
  "checkpoint": "/proj/external_group/mrg/checkpoints/videomae/20260415_012017/best_model.pt",
  "split": "validation",
  "view": "rgb_static",
  "gap": 5,
  "gap_seconds": 0.16666666666666666,
  "v11_mode": null,
  "n_train_episodes": 3,
  "n_eval_episodes": 1,
  "n_train_pairs": 6120,
  "n_eval_pairs": 3764,
  "best_epoch": 20,
  "r2_aggregate": 0.29573139052890485,
  "r2_per_dim": [
    0.6668631142441223,
    0.41911118562697136,
    0.40404798553413923,
    0.050711667970653296,
    0.1905772854858766,
    0.05859082045686248,
    0.056585804906294945
  ],
  "mse": 0.3336147367954254,
  "cosine_sim": 0.4979497492313385
}