{
  "encoder": "two-stream-v11",
  "checkpoint": "/proj/external_group/mrg/checkpoints/two_stream_v15/20260511_045319/latest.pt",
  "split": "training",
  "view": "rgb_static",
  "gap": 10,
  "gap_seconds": 0.3333333333333333,
  "v11_mode": "p_t_p_tk",
  "n_train_episodes": 200,
  "n_eval_episodes": 1087,
  "n_train_pairs": 10114,
  "n_eval_pairs": 53923,
  "best_epoch": 18,
  "r2_aggregate": 0.058553195907501854,
  "r2_per_dim": [
    0.40258519466082043,
    0.38009329567962546,
    0.4664751110010268,
    0.10214294253840706,
    0.1852554930192809,
    -0.10725550108910653,
    0.06163610405598019
  ],
  "mse": 0.13287919759750366,
  "cosine_sim": 0.25028637051582336
}