{
  "encoder": "two-stream-v11",
  "checkpoint": "/proj/external_group/mrg/checkpoints/two_stream_v15/20260511_045319/latest.pt",
  "split": "training",
  "view": "rgb_static",
  "gap": 5,
  "gap_seconds": 0.16666666666666666,
  "v11_mode": "p_t_p_tk",
  "n_train_episodes": 142,
  "n_eval_episodes": 36,
  "n_train_pairs": 189901,
  "n_eval_pairs": 39997,
  "best_epoch": 20,
  "r2_aggregate": 0.4559657326179527,
  "r2_per_dim": [
    0.8012295584407125,
    0.7907267195982702,
    0.6618201242469128,
    0.1270363885176352,
    0.31321857196758307,
    0.25174362680166873,
    0.19297455917632855
  ],
  "mse": 0.25085851550102234,
  "cosine_sim": 0.6386890411376953
}