{
  "encoder": "parvo",
  "checkpoint": "/proj/external_group/mrg/checkpoints/two_stream_v15b_step1_comp_mae_s/20260629_101634/latest.pt",
  "task_suite": "libero_goal",
  "view": "agentview_rgb",
  "gap": 40,
  "gap_seconds": 2.0,
  "readout": "attentive",
  "parvo_mode": "p_t_m",
  "v11_mode": null,
  "n_train_demos": 396,
  "n_eval_demos": 99,
  "n_train_pairs": 33350,
  "n_eval_pairs": 9120,
  "best_epoch": 20,
  "r2_aggregate": 0.6376265364071183,
  "r2_per_dim": [
    0.7839020539038314,
    0.903699320299405,
    0.8680321360182215,
    0.7320370765718807,
    0.6227988484119873,
    0.7545576653798836,
    0.6124567296010012
  ],
  "mse": 0.06493360549211502,
  "cosine_sim": 0.756116509437561,
  "elapsed_seconds": 98.10931944847107
}