{
  "encoder": "videomae-ours",
  "checkpoint": "/proj/external_group/mrg/checkpoints/videomae/20260415_012017/best_model.pt",
  "split": "training",
  "view": "rgb_static",
  "gap": 30,
  "gap_seconds": 1.0,
  "v11_mode": null,
  "n_train_episodes": 200,
  "n_eval_episodes": 1087,
  "n_train_pairs": 6114,
  "n_eval_pairs": 32183,
  "best_epoch": 20,
  "r2_aggregate": 0.055778971500596186,
  "r2_per_dim": [
    0.6168513024771936,
    0.510230777178848,
    0.5331630049108426,
    0.04875214437421482,
    0.42061585986009276,
    -0.014919397841041127,
    0.05922030940714196
  ],
  "mse": 0.14301718771457672,
  "cosine_sim": 0.45440787076950073
}