{
  "encoder": "videomae-ours",
  "checkpoint": "/proj/external_group/mrg/checkpoints/videomae/20260415_012017/best_model.pt",
  "split": "training",
  "view": "rgb_static",
  "gap": 1,
  "gap_seconds": 0.03333333333333333,
  "v11_mode": null,
  "n_train_episodes": 142,
  "n_eval_episodes": 36,
  "n_train_pairs": 190469,
  "n_eval_pairs": 40141,
  "best_epoch": 19,
  "r2_aggregate": 0.36549384591045564,
  "r2_per_dim": [
    0.594181348839435,
    0.6380982901652839,
    0.5023197068483438,
    0.09000656423873066,
    0.23266350068608999,
    0.1528268129667807,
    0.3565274763103907
  ],
  "mse": 0.11836715787649155,
  "cosine_sim": 0.5709558129310608
}