{
  "encoder": "two-stream-v11",
  "checkpoint": "/proj/external_group/mrg/checkpoints/two_stream_v15/20260511_045319/latest.pt",
  "split": "validation",
  "view": "rgb_static",
  "gap": 10,
  "gap_seconds": 0.3333333333333333,
  "v11_mode": "p_t_p_tk",
  "n_train_episodes": 16,
  "n_eval_episodes": 4,
  "n_train_pairs": 849,
  "n_eval_pairs": 220,
  "best_epoch": 17,
  "r2_aggregate": 0.022502234846327962,
  "r2_per_dim": [
    0.2503913789911425,
    0.13703493923645482,
    0.1347680338239683,
    -0.006243080430041292,
    0.03960175446186176,
    0.021966225111515914,
    0.02162714043219449
  ],
  "mse": 0.12770861387252808,
  "cosine_sim": 0.44940581917762756
}