{
  "encoder": "two-stream-v11",
  "checkpoint": "/proj/external_group/mrg/checkpoints/two_stream_v15/20260511_045319/latest.pt",
  "task_suite": "libero_spatial",
  "view": "eye_in_hand_rgb",
  "gap": 40,
  "gap_seconds": 2.0,
  "v11_mode": "p_t_p_tk",
  "n_train_demos": 396,
  "n_eval_demos": 99,
  "n_train_pairs": 33780,
  "n_eval_pairs": 7710,
  "best_epoch": 19,
  "r2_aggregate": 0.5950893156922779,
  "r2_per_dim": [
    0.9012189437161675,
    0.8680372176266913,
    0.9059365169791339,
    0.3996629352519646,
    0.7859260994944612,
    0.7176837893673217,
    0.5679614493735174
  ],
  "mse": 0.04549901932477951,
  "cosine_sim": 0.8457077145576477,
  "elapsed_seconds": 195.52283573150635
}