gap,accuracy,majority_acc,chance,n_classes
20,0.502683162689209,0.08297213622291022,0.1,10
