{
  "encoder": "two-stream-v11",
  "checkpoint": "/proj/external_group/mrg/checkpoints/two_stream_v15/20260511_045319/latest.pt",
  "task_suite": "libero_goal",
  "view": "eye_in_hand_rgb",
  "gap": 13,
  "gap_seconds": 0.65,
  "v11_mode": "p_t_p_tk",
  "n_train_demos": 396,
  "n_eval_demos": 99,
  "n_train_pairs": 44042,
  "n_eval_pairs": 11793,
  "best_epoch": 20,
  "r2_aggregate": 0.8013276204373296,
  "r2_per_dim": [
    0.8848064617754652,
    0.6964705563753292,
    0.7940403033047145,
    0.627123357036917,
    0.8352235956539853,
    0.7936758896420499,
    0.8023324742107663
  ],
  "mse": 0.02741672471165657,
  "cosine_sim": 0.9060551524162292,
  "elapsed_seconds": 262.17798018455505
}