dim,name,cos_Wt_negWtk,sign_match_Wt_negWtk,norm_Wt,norm_Wtk
0,Δx,0.5978828359704713,0.6705729166666666,0.30485808849334717,0.3237631618976593
1,Δy,0.6062593770262438,0.7122395833333334,0.29043835401535034,0.3023275136947632
2,Δz,0.7640490874424776,0.75390625,0.27254214882850647,0.2802235782146454
3,Δrx,0.6201539971580091,0.71484375,0.691173791885376,0.7595231533050537
4,Δry,0.29936794108363113,0.609375,0.962267279624939,1.0834163427352905
5,Δrz,0.728250977220935,0.7825520833333334,0.7806837558746338,0.8221567869186401
6,grip,0.14590144599167212,0.5533854166666666,3.195474147796631,2.8098130226135254
