{
  "encoder": "two-stream-v11",
  "checkpoint": "/proj/external_group/mrg/checkpoints/two_stream_v15_vfromm/20260515_153323/checkpoint_epoch0032.pt",
  "task_suite": "libero_spatial",
  "view": "agentview_rgb",
  "gap": 13,
  "gap_seconds": 0.65,
  "v11_mode": "p_t_p_tk",
  "n_train_demos": 396,
  "n_eval_demos": 99,
  "n_train_pairs": 44472,
  "n_eval_pairs": 10383,
  "best_epoch": 20,
  "r2_aggregate": 0.5633142781938032,
  "r2_per_dim": [
    0.808796995726367,
    0.8941228382876045,
    0.8209075135672579,
    0.38128436469733407,
    0.6603835154771076,
    0.4158474525715118,
    0.5611689616063611
  ],
  "mse": 0.061698686331510544,
  "cosine_sim": 0.7358107566833496,
  "elapsed_seconds": 256.9915301799774
}