{
  "encoder": "videomae-ours",
  "checkpoint": "/proj/external_group/mrg/checkpoints/videomae/20260415_012017/best_model.pt",
  "task_suite": "libero_spatial",
  "view": "agentview_rgb",
  "gap": 20,
  "gap_seconds": 1.0,
  "v11_mode": null,
  "n_train_demos": 396,
  "n_eval_demos": 99,
  "n_train_pairs": 41700,
  "n_eval_pairs": 9690,
  "best_epoch": 20,
  "r2_aggregate": 0.5233771850609805,
  "r2_per_dim": [
    0.7985176646557179,
    0.9003020579642672,
    0.8894590412806389,
    0.4513569363378296,
    0.5583222100829102,
    0.4347895554687138,
    0.5167382203012678
  ],
  "mse": 0.06625686585903168,
  "cosine_sim": 0.7080106735229492,
  "elapsed_seconds": 226.9955451488495
}