{
  "encoder": "parvo",
  "checkpoint": "/proj/external_group/mrg/checkpoints/two_stream_v15b_step1_comp_mae_s/20260629_101634/latest.pt",
  "task_suite": "libero_object",
  "view": "agentview_rgb",
  "gap": 40,
  "gap_seconds": 2.0,
  "readout": "attentive",
  "parvo_mode": "p_t_p_tk",
  "v11_mode": null,
  "n_train_demos": 396,
  "n_eval_demos": 99,
  "n_train_pairs": 42759,
  "n_eval_pairs": 10730,
  "best_epoch": 19,
  "r2_aggregate": 0.471922185099764,
  "r2_per_dim": [
    0.5038980426061214,
    0.9280316377259092,
    0.9498712909693973,
    0.25069308457160244,
    0.5872847928847046,
    0.24815333168391063,
    0.44594917508885557
  ],
  "mse": 0.06550761312246323,
  "cosine_sim": 0.7531073093414307,
  "elapsed_seconds": 107.19582033157349
}