{
  "encoder": "two-stream-v11",
  "checkpoint": "/proj/external_group/mrg/checkpoints/two_stream_v15/20260511_045319/latest.pt",
  "task_suite": "libero_object",
  "view": "agentview_rgb",
  "gap": 13,
  "gap_seconds": 0.65,
  "v11_mode": "p_t_p_tk",
  "n_train_demos": 396,
  "n_eval_demos": 99,
  "n_train_pairs": 53451,
  "n_eval_pairs": 13403,
  "best_epoch": 20,
  "r2_aggregate": 0.6933222506333893,
  "r2_per_dim": [
    0.7435823035394025,
    0.953723390409213,
    0.9346148918064477,
    0.36004274790792146,
    0.5842667651080279,
    0.27446779401115673,
    0.6932230149382144
  ],
  "mse": 0.04325335845351219,
  "cosine_sim": 0.8381840586662292,
  "elapsed_seconds": 311.9760751724243
}