{
  "encoder": "parvo",
  "checkpoint": "/proj/external_group/mrg/checkpoints/two_stream_v15b_step1_comp_mae_s/20260629_101634/latest.pt",
  "task_suite": "libero_object",
  "view": "agentview_rgb",
  "gap": 20,
  "gap_seconds": 1.0,
  "readout": "attentive",
  "parvo_mode": "p_t_m",
  "v11_mode": null,
  "n_train_demos": 396,
  "n_eval_demos": 99,
  "n_train_pairs": 50679,
  "n_eval_pairs": 12710,
  "best_epoch": 20,
  "r2_aggregate": 0.7260890774074136,
  "r2_per_dim": [
    0.7224301578236259,
    0.9385573789841075,
    0.8919108563549496,
    0.2488403933944825,
    0.5103816178585978,
    0.3390036313907122,
    0.7280742580183253
  ],
  "mse": 0.03835795447230339,
  "cosine_sim": 0.8419122695922852,
  "elapsed_seconds": 115.07336688041687
}