{
  "encoder": "two-stream-v11",
  "checkpoint": "/proj/external_group/mrg/checkpoints/two_stream_v15_vfromm/20260515_153323/checkpoint_epoch0040.pt",
  "task_suite": "libero_spatial",
  "view": "agentview_rgb",
  "gap": 20,
  "gap_seconds": 1.0,
  "v11_mode": "p_t_p_tk",
  "n_train_demos": 396,
  "n_eval_demos": 99,
  "n_train_pairs": 41700,
  "n_eval_pairs": 9690,
  "best_epoch": 20,
  "r2_aggregate": 0.568732284833416,
  "r2_per_dim": [
    0.8144980706636314,
    0.9316693481466825,
    0.8953025708823446,
    0.36725760128730134,
    0.7021711793555212,
    0.5019212019354813,
    0.5621645565021205
  ],
  "mse": 0.05995190516114235,
  "cosine_sim": 0.7491741180419922,
  "elapsed_seconds": 237.16462564468384
}