{
  "encoder": "videomae-ours",
  "checkpoint": "/proj/external_group/mrg/checkpoints/videomae/20260415_012017/best_model.pt",
  "split": "validation",
  "view": "rgb_static",
  "gap": 45,
  "gap_seconds": 1.5,
  "v11_mode": null,
  "n_train_episodes": 869,
  "n_eval_episodes": 218,
  "n_train_pairs": 13372,
  "n_eval_pairs": 3440,
  "best_epoch": 20,
  "r2_aggregate": 0.2739225284882528,
  "r2_per_dim": [
    0.8957285486729032,
    0.8727270495263434,
    0.8319973463565287,
    0.6587961248279346,
    0.7956220120882966,
    0.46635393661399416,
    0.09132032902031084
  ],
  "mse": 0.09122783690690994,
  "cosine_sim": 0.7649409174919128
}