{
  "encoder": "two-stream-v11",
  "checkpoint": "/proj/external_group/mrg/checkpoints/two_stream_v15/20260511_045319/latest.pt",
  "task_suite": "libero_goal",
  "view": "both",
  "gap": 13,
  "gap_seconds": 0.65,
  "v11_mode": "p_t_p_tk",
  "n_train_demos": 396,
  "n_eval_demos": 99,
  "n_train_pairs": 44042,
  "n_eval_pairs": 11793,
  "best_epoch": 19,
  "r2_aggregate": 0.813693656122275,
  "r2_per_dim": [
    0.5435048202445779,
    0.9247089044790306,
    0.8201612079183153,
    0.6329751077253049,
    0.7959247614895705,
    0.8343610244625523,
    0.8152975094612189
  ],
  "mse": 0.0257102157920599,
  "cosine_sim": 0.9084688425064087,
  "elapsed_seconds": 514.3052716255188
}