{
  "encoder": "videomae-ours",
  "checkpoint": "/proj/external_group/mrg/checkpoints/videomae/20260415_012017/best_model.pt",
  "split": "validation",
  "view": "rgb_static",
  "gap": 1,
  "gap_seconds": 0.03333333333333333,
  "v11_mode": null,
  "n_train_episodes": 3,
  "n_eval_episodes": 1,
  "n_train_pairs": 6132,
  "n_eval_pairs": 3768,
  "best_epoch": 20,
  "r2_aggregate": 0.1437365056011345,
  "r2_per_dim": [
    0.5657255925404819,
    0.5764552276523109,
    0.631646381397605,
    0.18166631874298322,
    0.4175480274886081,
    0.06856946099674666,
    0.14070307960337725
  ],
  "mse": 0.12443765997886658,
  "cosine_sim": 0.35460925102233887
}