{
  "encoder": "parvo",
  "checkpoint": "/proj/external_group/mrg/checkpoints/two_stream_v15b_step1_comp_mae_s/20260629_101634/latest.pt",
  "task_suite": "libero_object",
  "view": "agentview_rgb",
  "gap": 1,
  "gap_seconds": 0.05,
  "readout": "mean",
  "parvo_mode": "p_t_m",
  "v11_mode": null,
  "n_train_demos": 396,
  "n_eval_demos": 99,
  "n_train_pairs": 58203,
  "n_eval_pairs": 14591,
  "best_epoch": 20,
  "r2_aggregate": 0.6014670946074548,
  "r2_per_dim": [
    -1.436554447715411,
    0.14292986108858874,
    0.08019827627900722,
    -3.360281196967404,
    -0.7508608740503351,
    -0.8773049763021152,
    0.6016426315602734
  ],
  "mse": 0.05652541667222977,
  "cosine_sim": 0.7897579669952393,
  "elapsed_seconds": 83.74859261512756
}