{
  "encoder": "vc1",
  "checkpoint": null,
  "task_suite": "libero_object",
  "view": "eye_in_hand_rgb",
  "gap": 13,
  "gap_seconds": 0.65,
  "v11_mode": null,
  "n_train_demos": 396,
  "n_eval_demos": 99,
  "n_train_pairs": 53451,
  "n_eval_pairs": 13403,
  "best_epoch": 20,
  "r2_aggregate": 0.7970693354005058,
  "r2_per_dim": [
    0.8312638891567345,
    0.9358753093255183,
    0.9628797636328436,
    0.32234627399609284,
    0.7713952178985901,
    0.7756329661414807,
    0.7963604031625008
  ],
  "mse": 0.02862103097140789,
  "cosine_sim": 0.8945388197898865,
  "elapsed_seconds": 273.73882579803467
}