{
  "encoder": "videomae-ours",
  "checkpoint": "/proj/external_group/mrg/checkpoints/videomae/20260415_012017/best_model.pt",
  "split": "validation",
  "view": "rgb_static",
  "gap": 1,
  "gap_seconds": 0.03333333333333333,
  "v11_mode": null,
  "n_train_episodes": 3,
  "n_eval_episodes": 1,
  "n_train_pairs": 6132,
  "n_eval_pairs": 3768,
  "best_epoch": 20,
  "r2_aggregate": 0.18039823915747955,
  "r2_per_dim": [
    0.4144618417307694,
    0.499722568257993,
    0.4226721176371444,
    0.05029558786002242,
    0.18786819470819016,
    0.054005462444838614,
    0.14070307960337725
  ],
  "mse": 0.15363650023937225,
  "cosine_sim": 0.40595921874046326
}