{
  "encoder": "videomae-ours",
  "checkpoint": "/proj/external_group/mrg/checkpoints/videomae/20260415_012017/best_model.pt",
  "task_suite": "libero_goal",
  "view": "agentview_rgb",
  "gap": 1,
  "gap_seconds": 0.05,
  "readout": "attentive",
  "parvo_mode": null,
  "v11_mode": null,
  "n_train_demos": 396,
  "n_eval_demos": 99,
  "n_train_pairs": 48794,
  "n_eval_pairs": 12981,
  "best_epoch": 20,
  "r2_aggregate": 0.5620997833031568,
  "r2_per_dim": [
    -7.706304291765015,
    -13.94400564768184,
    -0.33598656089155554,
    -0.15025256961594624,
    0.25720206617448715,
    0.44633790264473816,
    0.5625827424394707
  ],
  "mse": 0.05505460128188133,
  "cosine_sim": 0.7434272766113281,
  "elapsed_seconds": 263.606981754303
}