{
  "encoder": "videomae-ours",
  "checkpoint": "/proj/external_group/mrg/checkpoints/videomae/20260415_012017/best_model.pt",
  "task_suite": "libero_goal",
  "view": "agentview_rgb",
  "gap": 1,
  "gap_seconds": 0.05,
  "readout": "mean",
  "parvo_mode": null,
  "v11_mode": null,
  "n_train_demos": 396,
  "n_eval_demos": 99,
  "n_train_pairs": 48794,
  "n_eval_pairs": 12981,
  "best_epoch": 20,
  "r2_aggregate": 0.39326648629988104,
  "r2_per_dim": [
    0.21460944810988258,
    -3.029476420608267,
    -0.009574504038980525,
    -0.23653644062928092,
    -0.2629035834470914,
    -0.8961726996825237,
    0.3935863610878939
  ],
  "mse": 0.07628101110458374,
  "cosine_sim": 0.6346738338470459,
  "elapsed_seconds": 160.3808958530426
}