{
  "encoder": "two-stream-v11",
  "checkpoint": "/proj/external_group/mrg/checkpoints/two_stream_v15/20260511_045319/latest.pt",
  "task_suite": "libero_spatial",
  "view": "both",
  "gap": 1,
  "gap_seconds": 0.05,
  "v11_mode": "p_t_p_tk",
  "n_train_demos": 396,
  "n_eval_demos": 99,
  "n_train_pairs": 49224,
  "n_eval_pairs": 11571,
  "best_epoch": 19,
  "r2_aggregate": 0.7789411747249122,
  "r2_per_dim": [
    -5.102207664292582,
    -1.2299851224673164,
    0.3255735011727545,
    -1.0975791537137165,
    0.04449575274956685,
    -0.47006769381448166,
    0.7792641097997628
  ],
  "mse": 0.031430166214704514,
  "cosine_sim": 0.8884566426277161,
  "elapsed_seconds": 554.0524017810822
}