{
  "encoder": "videomae-ours",
  "checkpoint": "/proj/external_group/mrg/checkpoints/videomae/20260415_012017/best_model.pt",
  "task_suite": "libero_spatial",
  "view": "agentview_rgb",
  "n_tasks": 10,
  "n_total_trajectories": 500,
  "n_kept_after_length_cutoff": 475,
  "n_valid_rho": 475,
  "length_cutoff": 165.0999999999999,
  "length_percentile": 95.0,
  "rho_mean": 0.7946062649873201,
  "rho_std": 0.13898974011672383,
  "rho_median": 0.8307382457115077,
  "rho_min": 0.24897569126533597,
  "rho_max": 0.9902232439571191,
  "elapsed_seconds": 94.71444654464722
}