{
  "encoder": "videomae-ours",
  "checkpoint": "/proj/external_group/mrg/checkpoints/videomae/20260415_012017/best_model.pt",
  "task_suite": "libero_goal",
  "view": "agentview_rgb",
  "gap": 13,
  "gap_seconds": 0.65,
  "v11_mode": null,
  "n_train_demos": 396,
  "n_eval_demos": 99,
  "n_train_pairs": 44042,
  "n_eval_pairs": 11793,
  "best_epoch": 20,
  "r2_aggregate": 0.5246831661444566,
  "r2_per_dim": [
    0.6324427856051139,
    0.7235226251097884,
    0.785162122176446,
    0.5256789931046228,
    0.491983259984088,
    0.5149901886125104,
    0.5233802578343598
  ],
  "mse": 0.06559357047080994,
  "cosine_sim": 0.7240033149719238,
  "elapsed_seconds": 138.00242924690247
}