{
  "encoder": "videomae-ours",
  "checkpoint": "/proj/external_group/mrg/checkpoints/videomae/20260415_012017/best_model.pt",
  "task_suite": "libero_spatial",
  "view": "agentview_rgb",
  "gap": 40,
  "gap_seconds": 2.0,
  "readout": "attentive",
  "parvo_mode": null,
  "v11_mode": null,
  "n_train_demos": 396,
  "n_eval_demos": 99,
  "n_train_pairs": 33780,
  "n_eval_pairs": 7710,
  "best_epoch": 20,
  "r2_aggregate": 0.3896887481288398,
  "r2_per_dim": [
    0.836874664909377,
    0.9606763383455973,
    0.9047962793862177,
    0.6472695897915239,
    0.7278170086097233,
    0.6517046046293264,
    0.3295247961023663
  ],
  "mse": 0.06857948005199432,
  "cosine_sim": 0.7356928586959839,
  "elapsed_seconds": 244.96296453475952
}