{
  "encoder": "videomae-ours",
  "checkpoint": "/proj/external_group/mrg/checkpoints/videomae/20260415_012017/best_model.pt",
  "split": "training",
  "view": "rgb_static",
  "gap": 45,
  "gap_seconds": 1.5,
  "readout": "mean",
  "parvo_mode": null,
  "v11_mode": null,
  "n_train_episodes": 200,
  "n_eval_episodes": 1087,
  "n_train_pairs": 3282,
  "n_eval_pairs": 16812,
  "best_epoch": 14,
  "r2_aggregate": 0.0003380406330030228,
  "r2_per_dim": [
    0.6229895495342342,
    0.42768801816097335,
    0.4217919211165124,
    -0.056248322008200624,
    0.1657089447106519,
    -0.06265389498381024,
    0.014159869199312891
  ],
  "mse": 0.14443989098072052,
  "cosine_sim": 0.6081047058105469
}