gap,r2_aggregate,r2_dim0,r2_dim1,r2_dim2,r2_dim3,r2_dim4,r2_dim5,r2_dim6
20,0.7689506252722162,0.8243069085350003,0.9742003524516343,0.9522543229232765,0.25586893432145963,0.545145767536513,0.28051695902464635,0.7716721381412683
