gap,accuracy,majority_acc,chance,n_classes
20,0.845923662185669,0.08297213622291022,0.1,10
